,game_id,game_date,home_team,away_team,home_score,away_score,total_score,overtime,venue,win_team,lose_team
0,2024020001,2024-10-04,BUF,NJD,1,4,5,False,O2 Czech Republic,NJD,BUF
1,2024020002,2024-10-05,NJD,BUF,3,1,4,False,O2 Czech Republic,NJD,BUF
4,2024020003,2024-10-08,SEA,STL,2,3,5,False,Climate Pledge Arena,STL,SEA
5,2024020004,2024-10-08,FLA,BOS,6,4,10,False,Amerant Bank Arena,FLA,BOS
6,2024020005,2024-10-08,UTA,CHI,5,2,7,False,Delta Center,UTA,CHI
12,2024020006,2024-10-09,MTL,TOR,1,0,1,False,Centre Bell,MTL,TOR
13,2024020007,2024-10-09,PIT,NYR,0,6,6,False,PPG Paints Arena,NYR,PIT
14,2024020008,2024-10-09,EDM,WPG,0,6,6,False,Rogers Place,WPG,EDM
15,2024020009,2024-10-09,VAN,CGY,5,6,11,True,Rogers Arena,CGY,VAN
16,2024020010,2024-10-09,VGK,COL,8,4,12,False,T-Mobile Arena,VGK,COL
27,2024020011,2024-10-10,BOS,MTL,6,4,10,False,TD Garden,BOS,MTL
28,2024020012,2024-10-10,BUF,LAK,1,3,4,False,KeyBank Center,LAK,BUF
29,2024020013,2024-10-10,OTT,FLA,3,1,4,False,Canadian Tire Centre,OTT,FLA
30,2024020015,2024-10-10,NJD,TOR,2,4,6,False,Prudential Center,TOR,NJD
31,2024020016,2024-10-10,NYI,UTA,4,5,9,True,UBS Arena,UTA,NYI
32,2024020014,2024-10-10,DET,PIT,3,6,9,False,Little Caesars Arena,PIT,DET
33,2024020017,2024-10-10,NSH,DAL,3,4,7,False,Bridgestone Arena,DAL,NSH
34,2024020018,2024-10-10,MIN,CBJ,3,2,5,False,Xcel Energy Center,MIN,CBJ
35,2024020019,2024-10-10,SJS,STL,4,5,9,True,SAP Center at San Jose,STL,SJS
54,2024020020,2024-10-11,CAR,TBL,1,4,5,False,Lenovo Center,TBL,CAR
55,2024020021,2024-10-11,WPG,CHI,2,1,3,True,Canada Life Centre,WPG,CHI
56,2024020022,2024-10-11,VAN,PHI,2,3,5,True,Rogers Arena,PHI,VAN
57,2024020023,2024-10-11,VGK,STL,4,3,7,False,T-Mobile Arena,VGK,STL
79,2024020024,2024-10-12,BOS,LAK,2,1,3,True,TD Garden,BOS,LAK
80,2024020025,2024-10-12,BUF,FLA,5,2,7,False,KeyBank Center,BUF,FLA
81,2024020026,2024-10-12,TOR,PIT,4,2,6,False,Scotiabank Arena,TOR,PIT
82,2024020027,2024-10-12,MTL,OTT,4,1,5,False,Centre Bell,MTL,OTT
83,2024020028,2024-10-12,DET,NSH,3,0,3,False,Little Caesars Arena,DET,NSH
84,2024020030,2024-10-12,NYR,UTA,5,6,11,True,Madison Square Garden,UTA,NYR
85,2024020031,2024-10-12,WSH,NJD,3,5,8,False,Capital One Arena,NJD,WSH
86,2024020032,2024-10-12,DAL,NYI,3,0,3,False,American Airlines Center,DAL,NYI
87,2024020033,2024-10-12,MIN,SEA,4,5,9,True,Xcel Energy Center,SEA,MIN
88,2024020034,2024-10-12,COL,CBJ,4,6,10,False,Ball Arena,CBJ,COL
89,2024020035,2024-10-12,CGY,PHI,6,3,9,False,Scotiabank Saddledome,CGY,PHI
90,2024020036,2024-10-12,EDM,CHI,2,5,7,False,Rogers Place,CHI,EDM
91,2024020037,2024-10-12,SJS,ANA,0,2,2,False,SAP Center at San Jose,ANA,SJS
126,2024020038,2024-10-13,WPG,MIN,2,1,3,True,Canada Life Centre,WPG,MIN
127,2024020039,2024-10-13,DAL,SEA,2,0,2,False,American Airlines Center,DAL,SEA
128,2024020040,2024-10-13,EDM,CGY,1,4,5,False,Rogers Place,CGY,EDM
129,2024020041,2024-10-13,VGK,ANA,3,1,4,False,T-Mobile Arena,VGK,ANA
168,2024020042,2024-10-14,BOS,FLA,3,4,7,False,TD Garden,FLA,BOS
169,2024020043,2024-10-14,OTT,LAK,8,7,15,True,Canadian Tire Centre,OTT,LAK
170,2024020044,2024-10-14,NJD,UTA,3,0,3,False,Prudential Center,NJD,UTA
171,2024020045,2024-10-14,NYR,DET,4,1,5,False,Madison Square Garden,NYR,DET
172,2024020046,2024-10-14,MTL,PIT,3,6,9,False,Centre Bell,PIT,MTL
173,2024020047,2024-10-14,COL,NYI,2,6,8,False,Ball Arena,NYI,COL
215,2024020048,2024-10-15,TBL,VAN,4,1,5,False,Amalie Arena,TBL,VAN
216,2024020049,2024-10-15,WSH,VGK,4,2,6,False,Capital One Arena,WSH,VGK
217,2024020050,2024-10-15,CAR,NJD,4,2,6,False,Lenovo Center,CAR,NJD
218,2024020051,2024-10-15,CBJ,FLA,3,4,7,False,Nationwide Arena,FLA,CBJ
219,2024020052,2024-10-15,STL,MIN,1,4,5,False,Enterprise Center,MIN,STL
220,2024020053,2024-10-15,NSH,SEA,3,7,10,False,Bridgestone Arena,SEA,NSH
221,2024020054,2024-10-15,DAL,SJS,3,2,5,True,American Airlines Center,DAL,SJS
222,2024020055,2024-10-15,CGY,CHI,3,1,4,False,Scotiabank Saddledome,CGY,CHI
223,2024020056,2024-10-15,EDM,PHI,4,3,7,True,Rogers Place,EDM,PHI
269,2024020057,2024-10-16,PIT,BUF,6,5,11,True,PPG Paints Arena,PIT,BUF
270,2024020058,2024-10-16,TOR,LAK,6,2,8,False,Scotiabank Arena,TOR,LAK
271,2024020059,2024-10-16,COL,BOS,3,5,8,False,Ball Arena,BOS,COL
272,2024020060,2024-10-16,ANA,UTA,5,4,9,True,Honda Center,ANA,UTA
313,2024020061,2024-10-17,MTL,LAK,1,4,5,False,Centre Bell,LAK,MTL
314,2024020062,2024-10-17,OTT,NJD,1,3,4,False,Canadian Tire Centre,NJD,OTT
315,2024020064,2024-10-17,TBL,VGK,4,3,7,False,Amalie Arena,TBL,VGK
316,2024020065,2024-10-17,FLA,VAN,2,3,5,True,Amerant Bank Arena,VAN,FLA
317,2024020066,2024-10-17,WSH,DAL,3,2,5,False,Capital One Arena,WSH,DAL
318,2024020067,2024-10-17,CBJ,BUF,6,4,10,False,Nationwide Arena,CBJ,BUF
319,2024020063,2024-10-17,DET,NYR,2,5,7,False,Little Caesars Arena,NYR,DET
320,2024020068,2024-10-17,STL,NYI,1,0,1,True,Enterprise Center,STL,NYI
321,2024020069,2024-10-17,NSH,EDM,2,4,6,False,Bridgestone Arena,EDM,NSH
322,2024020070,2024-10-17,CHI,SJS,4,2,6,False,United Center,CHI,SJS
323,2024020071,2024-10-17,SEA,PHI,6,4,10,False,Climate Pledge Arena,SEA,PHI
371,2024020072,2024-10-18,PIT,CAR,1,4,5,False,PPG Paints Arena,CAR,PIT
372,2024020073,2024-10-18,WPG,SJS,8,3,11,False,Canada Life Centre,WPG,SJS
373,2024020074,2024-10-18,COL,ANA,4,3,7,True,Ball Arena,COL,ANA
411,2024020075,2024-10-19,OTT,TBL,5,4,9,False,Canadian Tire Centre,OTT,TBL
412,2024020076,2024-10-19,NSH,DET,2,5,7,False,Bridgestone Arena,DET,NSH
413,2024020077,2024-10-19,DAL,EDM,4,1,5,False,American Airlines Center,DAL,EDM
414,2024020078,2024-10-19,FLA,VGK,4,3,7,True,Amerant Bank Arena,FLA,VGK
415,2024020079,2024-10-19,TOR,NYR,1,4,5,False,Scotiabank Arena,NYR,TOR
416,2024020080,2024-10-19,NJD,WSH,5,6,11,True,Prudential Center,WSH,NJD
417,2024020081,2024-10-19,NYI,MTL,4,3,7,True,UBS Arena,NYI,MTL
418,2024020082,2024-10-19,PHI,VAN,0,3,3,False,Wells Fargo Center,VAN,PHI
419,2024020083,2024-10-19,CBJ,MIN,1,3,4,False,Nationwide Arena,MIN,CBJ
420,2024020084,2024-10-19,STL,CAR,4,3,7,False,Enterprise Center,STL,CAR
421,2024020085,2024-10-19,CHI,BUF,2,4,6,False,United Center,BUF,CHI
422,2024020086,2024-10-19,UTA,BOS,2,1,3,True,Delta Center,UTA,BOS
423,2024020087,2024-10-19,SEA,CGY,2,1,3,True,Climate Pledge Arena,SEA,CGY
470,2024020088,2024-10-20,WPG,PIT,6,3,9,False,Canada Life Centre,WPG,PIT
471,2024020089,2024-10-20,SJS,COL,1,4,5,False,SAP Center at San Jose,COL,SJS
472,2024020090,2024-10-20,ANA,LAK,1,4,5,False,Honda Center,LAK,ANA
516,2024020091,2024-10-21,TOR,TBL,5,2,7,False,Scotiabank Arena,TOR,TBL
552,2024020092,2024-10-22,PHI,WSH,1,4,5,False,Wells Fargo Center,WSH,PHI
553,2024020093,2024-10-22,FLA,MIN,1,5,6,False,Amerant Bank Arena,MIN,FLA
554,2024020094,2024-10-22,NJD,TBL,5,8,13,False,Prudential Center,TBL,NJD
555,2024020095,2024-10-22,BUF,DAL,4,2,6,False,KeyBank Center,BUF,DAL
556,2024020096,2024-10-22,MTL,NYR,2,7,9,False,Centre Bell,NYR,MTL
557,2024020097,2024-10-22,CBJ,TOR,6,2,8,False,Nationwide Arena,CBJ,TOR
558,2024020098,2024-10-22,NYI,DET,0,1,1,False,UBS Arena,DET,NYI
559,2024020099,2024-10-22,STL,WPG,2,3,5,False,Enterprise Center,WPG,STL
560,2024020100,2024-10-22,CHI,VAN,3,6,9,False,United Center,VAN,CHI
561,2024020106,2024-10-22,SEA,COL,2,3,5,False,Climate Pledge Arena,COL,SEA
562,2024020101,2024-10-22,NSH,BOS,4,0,4,False,Bridgestone Arena,NSH,BOS
563,2024020103,2024-10-22,EDM,CAR,2,3,5,True,Rogers Place,CAR,EDM
564,2024020104,2024-10-22,UTA,OTT,0,4,4,False,Delta Center,OTT,UTA
565,2024020102,2024-10-22,CGY,PIT,4,3,7,True,Scotiabank Saddledome,CGY,PIT
566,2024020105,2024-10-22,ANA,SJS,3,1,4,False,Honda Center,ANA,SJS
567,2024020107,2024-10-22,VGK,LAK,6,1,7,False,T-Mobile Arena,VGK,LAK
615,2024020108,2024-10-23,WSH,PHI,6,3,9,False,Capital One Arena,WSH,PHI
653,2024020109,2024-10-24,BOS,DAL,2,5,7,False,TD Garden,DAL,BOS
654,2024020110,2024-10-24,TOR,STL,1,5,6,False,Scotiabank Arena,STL,TOR
655,2024020111,2024-10-24,DET,NJD,5,3,8,False,Little Caesars Arena,DET,NJD
656,2024020112,2024-10-24,TBL,MIN,2,4,6,False,Amalie Arena,MIN,TBL
657,2024020113,2024-10-24,NYR,FLA,1,3,4,False,Madison Square Garden,FLA,NYR
658,2024020114,2024-10-24,CGY,CAR,2,4,6,False,Scotiabank Saddledome,CAR,CGY
659,2024020115,2024-10-24,UTA,COL,1,5,6,False,Delta Center,COL,UTA
660,2024020116,2024-10-24,SEA,WPG,3,4,7,True,Climate Pledge Arena,WPG,SEA
661,2024020117,2024-10-24,LAK,SJS,3,2,5,False,Crypto.com Arena,LAK,SJS
705,2024020118,2024-10-25,VGK,OTT,6,4,10,False,T-Mobile Arena,VGK,OTT
706,2024020119,2024-10-25,NJD,NYI,3,4,7,True,Prudential Center,NYI,NJD
707,2024020120,2024-10-25,CHI,NSH,2,3,5,False,United Center,NSH,CHI
708,2024020121,2024-10-25,EDM,PIT,4,0,4,False,Rogers Place,EDM,PIT
743,2024020122,2024-10-26,BUF,DET,5,3,8,False,KeyBank Center,BUF,DET
744,2024020123,2024-10-26,PHI,MIN,7,5,12,False,Wells Fargo Center,PHI,MIN
745,2024020124,2024-10-26,LAK,UTA,3,2,5,False,Crypto.com Arena,LAK,UTA
746,2024020125,2024-10-26,BOS,TOR,4,3,7,True,TD Garden,BOS,TOR
747,2024020126,2024-10-26,MTL,STL,5,2,7,False,Centre Bell,MTL,STL
748,2024020127,2024-10-26,TBL,WSH,3,0,3,False,Amalie Arena,TBL,WSH
749,2024020128,2024-10-26,NYR,ANA,2,1,3,False,Madison Square Garden,NYR,ANA
750,2024020129,2024-10-26,CGY,WPG,3,5,8,False,Scotiabank Saddledome,WPG,CGY
751,2024020130,2024-10-26,NYI,FLA,3,6,9,False,UBS Arena,FLA,NYI
752,2024020131,2024-10-26,NSH,CBJ,4,3,7,True,Bridgestone Arena,NSH,CBJ
753,2024020132,2024-10-26,DAL,CHI,4,2,6,False,American Airlines Center,DAL,CHI
754,2024020133,2024-10-26,VAN,PIT,4,3,7,False,Rogers Arena,VAN,PIT
755,2024020134,2024-10-26,VGK,SJS,7,3,10,False,T-Mobile Arena,VGK,SJS
756,2024020135,2024-10-26,SEA,CAR,1,4,5,False,Climate Pledge Arena,CAR,SEA
802,2024020136,2024-10-27,DET,EDM,2,3,5,True,Little Caesars Arena,EDM,DET
803,2024020137,2024-10-27,NJD,ANA,6,2,8,False,Prudential Center,NJD,ANA
804,2024020138,2024-10-27,PHI,MTL,3,4,7,False,Wells Fargo Center,MTL,PHI
805,2024020139,2024-10-27,COL,OTT,5,4,9,False,Ball Arena,COL,OTT
854,2024020140,2024-10-28,BUF,FLA,2,5,7,False,KeyBank Center,FLA,BUF
855,2024020142,2024-10-28,CBJ,EDM,6,1,7,False,Nationwide Arena,CBJ,EDM
856,2024020141,2024-10-28,TBL,NSH,3,2,5,True,Amalie Arena,TBL,NSH
857,2024020143,2024-10-28,WPG,TOR,4,6,10,False,Canada Life Centre,TOR,WPG
858,2024020144,2024-10-28,COL,CHI,2,5,7,False,Ball Arena,CHI,COL
859,2024020145,2024-10-28,UTA,SJS,4,5,9,True,Delta Center,SJS,UTA
860,2024020146,2024-10-28,VAN,CAR,3,4,7,True,Rogers Arena,CAR,VAN
861,2024020147,2024-10-28,VGK,CGY,5,0,5,False,T-Mobile Arena,VGK,CGY
902,2024020148,2024-10-29,BOS,PHI,0,2,2,False,TD Garden,PHI,BOS
903,2024020149,2024-10-29,MTL,SEA,2,8,10,False,Centre Bell,SEA,MTL
904,2024020150,2024-10-29,OTT,STL,8,1,9,False,Canadian Tire Centre,OTT,STL
905,2024020152,2024-10-29,NYI,ANA,1,3,4,False,UBS Arena,ANA,NYI
906,2024020153,2024-10-29,PIT,MIN,3,5,8,False,PPG Paints Arena,MIN,PIT
907,2024020151,2024-10-29,WSH,NYR,5,3,8,False,Capital One Arena,WSH,NYR
908,2024020154,2024-10-29,SJS,LAK,4,2,6,False,SAP Center at San Jose,SJS,LAK
955,2024020155,2024-10-30,CBJ,NYI,2,0,2,False,Nationwide Arena,CBJ,NYI
956,2024020156,2024-10-30,DET,WPG,2,6,8,False,Little Caesars Arena,WPG,DET
957,2024020157,2024-10-30,COL,TBL,2,5,7,False,Ball Arena,TBL,COL
958,2024020158,2024-10-30,UTA,CGY,5,1,6,False,Delta Center,UTA,CGY
959,2024020160,2024-10-30,LAK,VGK,6,3,9,False,Crypto.com Arena,LAK,VGK
960,2024020159,2024-10-30,VAN,NJD,0,6,6,False,Rogers Arena,NJD,VAN
1004,2024020161,2024-10-31,TOR,SEA,4,1,5,False,Scotiabank Arena,TOR,SEA
1005,2024020162,2024-10-31,PHI,STL,2,1,3,False,Wells Fargo Center,PHI,STL
1006,2024020163,2024-10-31,PIT,ANA,2,1,3,True,PPG Paints Arena,PIT,ANA
1007,2024020164,2024-10-31,WSH,MTL,6,3,9,False,Capital One Arena,WSH,MTL
1008,2024020165,2024-10-31,CAR,BOS,8,2,10,False,Lenovo Center,CAR,BOS
1009,2024020166,2024-10-31,NSH,EDM,1,5,6,False,Bridgestone Arena,EDM,NSH
1010,2024020167,2024-10-31,SJS,CHI,3,2,5,False,SAP Center at San Jose,SJS,CHI
1057,2024020168,2024-11-01,DAL,FLA,4,6,10,False,Nokia Arena,FLA,DAL
1058,2024020169,2024-11-01,BUF,NYI,3,4,7,False,KeyBank Center,NYI,BUF
1059,2024020170,2024-11-01,NYR,OTT,2,1,3,False,Madison Square Garden,NYR,OTT
1060,2024020171,2024-11-01,CBJ,WPG,2,6,8,False,Nationwide Arena,WPG,CBJ
1061,2024020172,2024-11-01,MIN,TBL,5,3,8,False,Xcel Energy Center,MIN,TBL
1062,2024020173,2024-11-01,CGY,NJD,3,0,3,False,Scotiabank Saddledome,CGY,NJD
1101,2024020174,2024-11-02,FLA,DAL,4,2,6,False,Nokia Arena,FLA,DAL
1102,2024020175,2024-11-02,PHI,BOS,0,3,3,False,Wells Fargo Center,BOS,PHI
1103,2024020176,2024-11-02,LAK,CHI,3,4,7,True,Crypto.com Arena,CHI,LAK
1104,2024020177,2024-11-02,WSH,CBJ,7,2,9,False,Capital One Arena,WSH,CBJ
1105,2024020178,2024-11-02,OTT,SEA,3,0,3,False,Canadian Tire Centre,OTT,SEA
1106,2024020179,2024-11-02,DET,BUF,2,1,3,False,Little Caesars Arena,DET,BUF
1107,2024020180,2024-11-02,PIT,MTL,3,1,4,False,PPG Paints Arena,PIT,MTL
1108,2024020181,2024-11-02,STL,TOR,4,2,6,False,Enterprise Center,STL,TOR
1109,2024020182,2024-11-02,NSH,COL,5,2,7,False,Bridgestone Arena,NSH,COL
1110,2024020183,2024-11-02,VGK,UTA,4,3,7,True,T-Mobile Arena,VGK,UTA
1111,2024020184,2024-11-02,SJS,VAN,2,3,5,False,SAP Center at San Jose,VAN,SJS
1157,2024020185,2024-11-03,NYR,NYI,5,2,7,False,Madison Square Garden,NYR,NYI
1158,2024020186,2024-11-03,WPG,TBL,7,4,11,False,Canada Life Centre,WPG,TBL
1159,2024020187,2024-11-03,BOS,SEA,2,0,2,False,TD Garden,BOS,SEA
1160,2024020188,2024-11-03,CAR,WSH,4,2,6,False,Lenovo Center,CAR,WSH
1161,2024020189,2024-11-03,MIN,TOR,2,1,3,True,Xcel Energy Center,MIN,TOR
1162,2024020190,2024-11-03,CGY,EDM,2,4,6,False,Scotiabank Saddledome,EDM,CGY
1163,2024020191,2024-11-03,ANA,CHI,2,4,6,False,Honda Center,CHI,ANA
1208,2024020192,2024-11-04,NSH,LAK,0,3,3,False,Bridgestone Arena,LAK,NSH
1209,2024020193,2024-11-04,EDM,NJD,0,3,3,False,Rogers Place,NJD,EDM
1249,2024020194,2024-11-05,BUF,OTT,5,1,6,False,KeyBank Center,BUF,OTT
1250,2024020195,2024-11-05,TOR,BOS,4,0,4,False,Scotiabank Arena,TOR,BOS
1251,2024020196,2024-11-05,MTL,CGY,2,3,5,True,Centre Bell,CGY,MTL
1252,2024020197,2024-11-05,CAR,PHI,6,4,10,False,Lenovo Center,CAR,PHI
1253,2024020198,2024-11-05,NYI,PIT,4,3,7,True,UBS Arena,NYI,PIT
1254,2024020199,2024-11-05,STL,TBL,3,2,5,False,Enterprise Center,STL,TBL
1255,2024020200,2024-11-05,MIN,LAK,1,5,6,False,Xcel Energy Center,LAK,MIN
1256,2024020201,2024-11-05,WPG,UTA,3,0,3,False,Canada Life Centre,WPG,UTA
1257,2024020202,2024-11-05,COL,SEA,6,3,9,False,Ball Arena,COL,SEA
1258,2024020203,2024-11-05,ANA,VAN,1,5,6,False,Honda Center,VAN,ANA
1259,2024020204,2024-11-05,SJS,CBJ,2,1,3,True,SAP Center at San Jose,SJS,CBJ
1304,2024020205,2024-11-06,WSH,NSH,3,2,5,False,Capital One Arena,WSH,NSH
1305,2024020206,2024-11-06,CHI,DET,1,4,5,False,United Center,DET,CHI
1306,2024020207,2024-11-06,EDM,VGK,2,4,6,False,Rogers Place,VGK,EDM
1347,2024020208,2024-11-07,BOS,CGY,4,3,7,True,TD Garden,BOS,CGY
1348,2024020209,2024-11-07,OTT,NYI,2,4,6,False,Canadian Tire Centre,NYI,OTT
1349,2024020211,2024-11-07,FLA,NSH,6,2,8,False,Amerant Bank Arena,FLA,NSH
1350,2024020212,2024-11-07,NJD,MTL,5,3,8,False,Prudential Center,NJD,MTL
1351,2024020213,2024-11-07,NYR,BUF,1,6,7,False,Madison Square Garden,BUF,NYR
1352,2024020214,2024-11-07,CAR,PIT,5,1,6,False,Lenovo Center,CAR,PIT
1353,2024020210,2024-11-07,TBL,PHI,1,2,3,True,Amalie Arena,PHI,TBL
1354,2024020215,2024-11-07,STL,UTA,2,4,6,False,Enterprise Center,UTA,STL
1355,2024020216,2024-11-07,DAL,CHI,3,1,4,False,American Airlines Center,DAL,CHI
1356,2024020217,2024-11-07,WPG,COL,1,0,1,False,Canada Life Centre,WPG,COL
1357,2024020218,2024-11-07,LAK,VAN,2,4,6,False,Crypto.com Arena,VAN,LAK
1358,2024020219,2024-11-07,SJS,MIN,2,5,7,False,SAP Center at San Jose,MIN,SJS
1405,2024020220,2024-11-08,TOR,DET,3,1,4,False,Scotiabank Arena,TOR,DET
1406,2024020221,2024-11-08,WSH,PIT,2,4,6,False,Capital One Arena,PIT,WSH
1407,2024020222,2024-11-08,ANA,MIN,2,5,7,False,Honda Center,MIN,ANA
1408,2024020223,2024-11-08,SEA,VGK,4,3,7,True,Climate Pledge Arena,SEA,VGK
1448,2024020224,2024-11-09,BUF,CGY,3,2,5,True,KeyBank Center,BUF,CGY
1449,2024020230,2024-11-09,WPG,DAL,4,1,5,False,Canada Life Centre,WPG,DAL
1450,2024020225,2024-11-09,FLA,PHI,4,3,7,True,Amerant Bank Arena,FLA,PHI
1451,2024020226,2024-11-09,BOS,OTT,2,3,5,True,TD Garden,OTT,BOS
1452,2024020227,2024-11-09,TOR,MTL,4,1,5,False,Scotiabank Arena,TOR,MTL
1453,2024020228,2024-11-09,DET,NYR,0,4,4,False,Little Caesars Arena,NYR,DET
1454,2024020229,2024-11-09,STL,WSH,1,8,9,False,Enterprise Center,WSH,STL
1455,2024020231,2024-11-09,NYI,NJD,3,4,7,True,UBS Arena,NJD,NYI
1456,2024020232,2024-11-09,NSH,UTA,4,0,4,False,Bridgestone Arena,NSH,UTA
1457,2024020233,2024-11-09,COL,CAR,6,4,10,False,Ball Arena,COL,CAR
1458,2024020234,2024-11-09,LAK,CBJ,5,2,7,False,Crypto.com Arena,LAK,CBJ
1459,2024020235,2024-11-09,VAN,EDM,3,7,10,False,Rogers Arena,EDM,VAN
1504,2024020236,2024-11-10,NJD,SJS,0,1,1,False,Prudential Center,SJS,NJD
1505,2024020237,2024-11-10,CHI,MIN,2,1,3,True,United Center,CHI,MIN
1506,2024020238,2024-11-10,ANA,CBJ,4,2,6,False,Honda Center,ANA,CBJ
1552,2024020239,2024-11-11,BUF,MTL,5,7,12,False,KeyBank Center,MTL,BUF
1553,2024020240,2024-11-11,PHI,SJS,4,3,7,True,Wells Fargo Center,PHI,SJS
1554,2024020241,2024-11-11,PIT,DAL,1,7,8,False,PPG Paints Arena,DAL,PIT
1555,2024020242,2024-11-11,CGY,LAK,3,1,4,False,Scotiabank Saddledome,CGY,LAK
1556,2024020243,2024-11-11,COL,NSH,3,2,5,True,Ball Arena,COL,NSH
1557,2024020244,2024-11-11,VGK,CAR,2,5,7,False,T-Mobile Arena,CAR,VGK
1598,2024020245,2024-11-12,TOR,OTT,0,3,3,False,Scotiabank Arena,OTT,TOR
1599,2024020247,2024-11-12,NYR,WPG,3,6,9,False,Madison Square Garden,WPG,NYR
1600,2024020246,2024-11-12,FLA,NJD,1,4,5,False,Amerant Bank Arena,NJD,FLA
1601,2024020248,2024-11-12,STL,BOS,2,3,5,False,Enterprise Center,BOS,STL
1602,2024020249,2024-11-12,EDM,NYI,4,3,7,True,Rogers Place,EDM,NYI
1603,2024020250,2024-11-12,VAN,CGY,3,1,4,False,Rogers Arena,VAN,CGY
1604,2024020251,2024-11-12,SEA,CBJ,5,2,7,False,Climate Pledge Arena,SEA,CBJ
1649,2024020252,2024-11-13,PIT,DET,2,3,5,True,PPG Paints Arena,DET,PIT
1650,2024020253,2024-11-13,WSH,TOR,3,4,7,True,Capital One Arena,TOR,WSH
1651,2024020254,2024-11-13,UTA,CAR,4,1,5,False,Delta Center,UTA,CAR
1652,2024020255,2024-11-13,COL,LAK,4,2,6,False,Ball Arena,COL,LAK
1653,2024020256,2024-11-13,ANA,VGK,2,3,5,False,Honda Center,VGK,ANA
1691,2024020258,2024-11-14,OTT,PHI,4,5,9,True,Canadian Tire Centre,PHI,OTT
1692,2024020259,2024-11-14,TBL,WPG,4,1,5,False,Amalie Arena,TBL,WPG
1693,2024020260,2024-11-14,FLA,NJD,2,6,8,False,Amerant Bank Arena,NJD,FLA
1694,2024020261,2024-11-14,NYR,SJS,3,2,5,False,Madison Square Garden,NYR,SJS
1695,2024020257,2024-11-14,BUF,STL,4,3,7,True,KeyBank Center,BUF,STL
1696,2024020262,2024-11-14,DAL,BOS,7,2,9,False,American Airlines Center,DAL,BOS
1697,2024020263,2024-11-14,MIN,MTL,3,0,3,False,Xcel Energy Center,MIN,MTL
1698,2024020264,2024-11-14,EDM,NSH,3,2,5,True,Rogers Place,EDM,NSH
1699,2024020265,2024-11-14,VAN,NYI,2,5,7,False,Rogers Arena,NYI,VAN
1700,2024020266,2024-11-14,SEA,CHI,3,1,4,False,Climate Pledge Arena,SEA,CHI
1744,2024020267,2024-11-15,CBJ,PIT,6,2,8,False,Nationwide Arena,CBJ,PIT
1745,2024020268,2024-11-15,COL,WSH,2,5,7,False,Ball Arena,WSH,COL
1746,2024020269,2024-11-15,CGY,NSH,2,0,2,False,Scotiabank Saddledome,CGY,NSH
1747,2024020270,2024-11-15,UTA,VGK,2,4,6,False,Delta Center,VGK,UTA
1748,2024020271,2024-11-15,ANA,DET,6,4,10,False,Honda Center,ANA,DET
1785,2024020272,2024-11-16,BOS,STL,2,3,5,True,TD Garden,STL,BOS
1786,2024020273,2024-11-16,SEA,NYI,3,2,5,False,Climate Pledge Arena,SEA,NYI
1787,2024020274,2024-11-16,TOR,EDM,4,3,7,True,Scotiabank Arena,TOR,EDM
1788,2024020275,2024-11-16,MTL,CBJ,5,1,6,False,Centre Bell,MTL,CBJ
1789,2024020276,2024-11-16,TBL,NJD,4,0,4,False,Amalie Arena,TBL,NJD
1790,2024020277,2024-11-16,FLA,WPG,5,0,5,False,Amerant Bank Arena,FLA,WPG
1791,2024020278,2024-11-16,PHI,BUF,5,2,7,False,Wells Fargo Center,PHI,BUF
1792,2024020279,2024-11-16,PIT,SJS,4,3,7,True,PPG Paints Arena,PIT,SJS
1793,2024020280,2024-11-16,CAR,OTT,4,0,4,False,Lenovo Center,CAR,OTT
1794,2024020281,2024-11-16,MIN,DAL,1,2,3,False,Xcel Energy Center,DAL,MIN
1795,2024020282,2024-11-16,LAK,DET,4,1,5,False,Crypto.com Arena,LAK,DET
1796,2024020283,2024-11-16,VAN,CHI,4,1,5,False,Rogers Arena,VAN,CHI
1842,2024020284,2024-11-17,CAR,STL,4,1,5,False,Lenovo Center,CAR,STL
1843,2024020286,2024-11-17,VGK,WSH,2,5,7,False,T-Mobile Arena,WSH,VGK
1844,2024020287,2024-11-17,SEA,NYR,0,2,2,False,Climate Pledge Arena,NYR,SEA
1845,2024020285,2024-11-17,VAN,NSH,3,5,8,False,Rogers Arena,NSH,VAN
1889,2024020288,2024-11-18,BOS,CBJ,1,5,6,False,TD Garden,CBJ,BOS
1890,2024020289,2024-11-18,PHI,COL,2,3,5,False,Wells Fargo Center,COL,PHI
1891,2024020290,2024-11-18,MTL,EDM,3,0,3,False,Centre Bell,MTL,EDM
1892,2024020291,2024-11-18,DAL,ANA,2,4,6,False,American Airlines Center,ANA,DAL
1893,2024020292,2024-11-18,UTA,WSH,2,6,8,False,Delta Center,WSH,UTA
1894,2024020293,2024-11-18,SJS,DET,5,4,9,True,SAP Center at San Jose,SJS,DET
1937,2024020294,2024-11-19,OTT,EDM,2,5,7,False,Canadian Tire Centre,EDM,OTT
1938,2024020295,2024-11-19,PIT,TBL,2,3,5,True,PPG Paints Arena,TBL,PIT
1939,2024020296,2024-11-19,STL,MIN,2,4,6,False,Enterprise Center,MIN,STL
1940,2024020297,2024-11-19,WPG,FLA,6,3,9,False,Canada Life Centre,WPG,FLA
1941,2024020298,2024-11-19,CHI,ANA,2,3,5,False,United Center,ANA,CHI
1942,2024020299,2024-11-19,CGY,NYI,2,1,3,True,Scotiabank Saddledome,CGY,NYI
1943,2024020300,2024-11-19,VAN,NYR,3,4,7,False,Rogers Arena,NYR,VAN
1988,2024020301,2024-11-20,TOR,VGK,3,0,3,False,Scotiabank Arena,TOR,VGK
1989,2024020302,2024-11-20,PHI,CAR,1,4,5,False,Wells Fargo Center,CAR,PHI
1990,2024020303,2024-11-20,DAL,SJS,5,2,7,False,American Airlines Center,DAL,SJS
1991,2024020304,2024-11-20,SEA,NSH,3,0,3,False,Climate Pledge Arena,SEA,NSH
1992,2024020305,2024-11-20,LAK,BUF,0,1,1,False,Crypto.com Arena,BUF,LAK
2032,2024020306,2024-11-21,BOS,UTA,1,0,1,False,TD Garden,BOS,UTA
2033,2024020307,2024-11-21,OTT,VGK,2,3,5,False,Canadian Tire Centre,VGK,OTT
2034,2024020308,2024-11-21,DET,NYI,2,1,3,False,Little Caesars Arena,DET,NYI
2035,2024020309,2024-11-21,NJD,CAR,4,2,6,False,Prudential Center,NJD,CAR
2036,2024020310,2024-11-21,WSH,COL,1,2,3,False,Capital One Arena,COL,WSH
2037,2024020311,2024-11-21,CBJ,TBL,7,6,13,True,Nationwide Arena,CBJ,TBL
2038,2024020312,2024-11-21,STL,SJS,3,2,5,True,Enterprise Center,STL,SJS
2039,2024020313,2024-11-21,CHI,FLA,3,1,4,False,United Center,CHI,FLA
2040,2024020314,2024-11-21,CGY,NYR,3,2,5,False,Scotiabank Saddledome,CGY,NYR
2041,2024020315,2024-11-21,EDM,MIN,3,5,8,False,Rogers Place,MIN,EDM
2086,2024020316,2024-11-22,PIT,WPG,1,4,5,False,PPG Paints Arena,WPG,PIT
2087,2024020317,2024-11-22,ANA,BUF,2,3,5,True,Honda Center,BUF,ANA
2122,2024020318,2024-11-23,PHI,CHI,3,2,5,True,Wells Fargo Center,PHI,CHI
2123,2024020319,2024-11-23,CGY,MIN,4,3,7,True,Scotiabank Saddledome,CGY,MIN
2124,2024020320,2024-11-23,LAK,SEA,2,1,3,False,Crypto.com Arena,LAK,SEA
2125,2024020321,2024-11-23,FLA,COL,4,7,11,False,Amerant Bank Arena,COL,FLA
2126,2024020322,2024-11-23,MTL,VGK,2,6,8,False,Centre Bell,VGK,MTL
2127,2024020323,2024-11-23,OTT,VAN,3,4,7,False,Canadian Tire Centre,VAN,OTT
2128,2024020324,2024-11-23,DET,BOS,1,2,3,False,Little Caesars Arena,BOS,DET
2129,2024020325,2024-11-23,TBL,DAL,2,4,6,False,Amalie Arena,DAL,TBL
2130,2024020326,2024-11-23,PIT,UTA,1,6,7,False,PPG Paints Arena,UTA,PIT
2131,2024020327,2024-11-23,WSH,NJD,2,3,5,False,Capital One Arena,NJD,WSH
2132,2024020328,2024-11-23,CBJ,CAR,5,4,9,True,Nationwide Arena,CBJ,CAR
2133,2024020329,2024-11-23,NSH,WPG,4,1,5,False,Bridgestone Arena,NSH,WPG
2134,2024020330,2024-11-23,NYI,STL,3,1,4,False,UBS Arena,NYI,STL
2135,2024020331,2024-11-23,SJS,BUF,2,4,6,False,SAP Center at San Jose,BUF,SJS
2136,2024020332,2024-11-23,EDM,NYR,6,2,8,False,Rogers Place,EDM,NYR
2182,2024020333,2024-11-24,TOR,UTA,3,2,5,False,Scotiabank Arena,TOR,UTA
2223,2024020334,2024-11-25,TBL,COL,8,2,10,False,Amalie Arena,TBL,COL
2224,2024020335,2024-11-25,FLA,WSH,1,4,5,False,Amerant Bank Arena,WSH,FLA
2225,2024020336,2024-11-25,NJD,NSH,5,2,7,False,Prudential Center,NJD,NSH
2226,2024020337,2024-11-25,NYR,STL,2,5,7,False,Madison Square Garden,STL,NYR
2227,2024020338,2024-11-25,PHI,VGK,4,5,9,True,Wells Fargo Center,VGK,PHI
2228,2024020339,2024-11-25,CAR,DAL,6,4,10,False,Lenovo Center,CAR,DAL
2229,2024020340,2024-11-25,OTT,CGY,4,3,7,False,Canadian Tire Centre,OTT,CGY
2230,2024020341,2024-11-25,NYI,DET,2,4,6,False,UBS Arena,DET,NYI
2231,2024020342,2024-11-25,MIN,WPG,1,4,5,False,Xcel Energy Center,WPG,MIN
2232,2024020343,2024-11-25,ANA,SEA,2,3,5,False,Honda Center,SEA,ANA
2233,2024020344,2024-11-25,SJS,LAK,7,2,9,False,SAP Center at San Jose,SJS,LAK
2278,2024020345,2024-11-26,BOS,VAN,0,2,2,False,TD Garden,VAN,BOS
2279,2024020346,2024-11-26,MTL,UTA,2,3,5,True,Centre Bell,UTA,MTL
2321,2024020347,2024-11-27,BUF,MIN,0,1,1,False,KeyBank Center,MIN,BUF
2322,2024020348,2024-11-27,NJD,STL,0,3,3,False,Prudential Center,STL,NJD
2323,2024020349,2024-11-27,CAR,NYR,4,3,7,False,Lenovo Center,CAR,NYR
2324,2024020350,2024-11-27,DET,CGY,2,1,3,True,Little Caesars Arena,DET,CGY
2325,2024020351,2024-11-27,TBL,WSH,4,5,9,False,Amalie Arena,WSH,TBL
2326,2024020352,2024-11-27,FLA,TOR,5,1,6,False,Amerant Bank Arena,FLA,TOR
2327,2024020353,2024-11-27,NYI,BOS,3,6,9,False,UBS Arena,BOS,NYI
2328,2024020354,2024-11-27,PIT,VAN,5,4,9,False,PPG Paints Arena,PIT,VAN
2329,2024020355,2024-11-27,CBJ,MTL,3,4,7,True,Nationwide Arena,MTL,CBJ
2330,2024020356,2024-11-27,NSH,PHI,2,3,5,True,Bridgestone Arena,PHI,NSH
2331,2024020357,2024-11-27,CHI,DAL,6,2,8,False,United Center,CHI,DAL
2332,2024020358,2024-11-27,COL,VGK,2,1,3,True,Ball Arena,COL,VGK
2333,2024020359,2024-11-27,LAK,WPG,4,1,5,False,Crypto.com Arena,LAK,WPG
2334,2024020360,2024-11-27,SEA,ANA,2,5,7,False,Climate Pledge Arena,ANA,SEA
2335,2024020361,2024-11-27,SJS,OTT,3,4,7,False,SAP Center at San Jose,OTT,SJS
2426,2024020362,2024-11-29,PHI,NYR,3,1,4,False,Wells Fargo Center,PHI,NYR
2427,2024020363,2024-11-29,MIN,CHI,3,2,5,False,Xcel Energy Center,MIN,CHI
2428,2024020364,2024-11-29,BUF,VAN,3,4,7,True,KeyBank Center,VAN,BUF
2429,2024020365,2024-11-29,DET,NJD,4,5,9,False,Little Caesars Arena,NJD,DET
2430,2024020366,2024-11-29,WSH,NYI,5,4,9,True,Capital One Arena,WSH,NYI
2431,2024020367,2024-11-29,CAR,FLA,3,6,9,False,Lenovo Center,FLA,CAR
2432,2024020368,2024-11-29,CBJ,CGY,5,2,7,False,Nationwide Arena,CBJ,CGY
2433,2024020369,2024-11-29,NSH,TBL,2,3,5,True,Bridgestone Arena,TBL,NSH
2434,2024020370,2024-11-29,ANA,LAK,1,2,3,False,Honda Center,LAK,ANA
2435,2024020371,2024-11-29,SJS,SEA,8,5,13,False,SAP Center at San Jose,SJS,SEA
2436,2024020372,2024-11-29,BOS,PIT,1,2,3,False,TD Garden,PIT,BOS
2437,2024020374,2024-11-29,VGK,WPG,4,3,7,False,T-Mobile Arena,VGK,WPG
2438,2024020373,2024-11-29,DAL,COL,5,3,8,False,American Airlines Center,DAL,COL
2439,2024020375,2024-11-29,UTA,EDM,3,4,7,True,Delta Center,EDM,UTA
2483,2024020376,2024-11-30,NYR,MTL,4,3,7,False,Madison Square Garden,NYR,MTL
2484,2024020377,2024-11-30,FLA,CAR,6,0,6,False,Amerant Bank Arena,FLA,CAR
2485,2024020378,2024-11-30,TBL,TOR,3,5,8,False,Amalie Arena,TOR,TBL
2486,2024020379,2024-11-30,NJD,WSH,5,6,11,False,Prudential Center,WSH,NJD
2487,2024020380,2024-11-30,PIT,CGY,6,2,8,False,PPG Paints Arena,PIT,CGY
2488,2024020381,2024-11-30,STL,PHI,2,3,5,True,Enterprise Center,PHI,STL
2489,2024020382,2024-11-30,LAK,OTT,5,2,7,False,Crypto.com Arena,LAK,OTT
2490,2024020383,2024-11-30,NYI,BUF,3,0,3,False,UBS Arena,NYI,BUF
2491,2024020384,2024-11-30,MIN,NSH,3,2,5,True,Xcel Energy Center,MIN,NSH
2492,2024020385,2024-11-30,COL,EDM,1,4,5,False,Ball Arena,EDM,COL
2493,2024020386,2024-11-30,VGK,UTA,0,6,6,False,T-Mobile Arena,UTA,VGK
2494,2024020387,2024-11-30,SEA,SJS,2,4,6,False,Climate Pledge Arena,SJS,SEA
2549,2024020388,2024-12-01,DET,VAN,4,5,9,True,Little Caesars Arena,VAN,DET
2550,2024020389,2024-12-01,BOS,MTL,6,3,9,False,TD Garden,BOS,MTL
2551,2024020390,2024-12-01,CHI,CBJ,3,6,9,False,United Center,CBJ,CHI
2552,2024020391,2024-12-01,DAL,WPG,3,1,4,False,American Airlines Center,DAL,WPG
2553,2024020392,2024-12-01,ANA,OTT,4,3,7,True,Honda Center,ANA,OTT
2602,2024020393,2024-12-02,NYR,NJD,1,5,6,False,Madison Square Garden,NJD,NYR
2603,2024020394,2024-12-02,TOR,CHI,4,1,5,False,Scotiabank Arena,TOR,CHI
2604,2024020395,2024-12-02,UTA,DAL,1,2,3,False,Delta Center,DAL,UTA
2654,2024020396,2024-12-03,BOS,DET,3,2,5,True,TD Garden,BOS,DET
2655,2024020397,2024-12-03,BUF,COL,4,5,9,False,KeyBank Center,COL,BUF
2656,2024020398,2024-12-03,MTL,NYI,2,1,3,True,Centre Bell,MTL,NYI
2657,2024020399,2024-12-03,PIT,FLA,5,4,9,True,PPG Paints Arena,PIT,FLA
2658,2024020400,2024-12-03,WSH,SJS,1,2,3,True,Capital One Arena,SJS,WSH
2659,2024020401,2024-12-03,CAR,SEA,2,4,6,False,Lenovo Center,SEA,CAR
2660,2024020402,2024-12-03,MIN,VAN,3,2,5,True,Xcel Energy Center,MIN,VAN
2661,2024020403,2024-12-03,WPG,STL,1,4,5,False,Canada Life Centre,STL,WPG
2662,2024020404,2024-12-03,CGY,CBJ,3,0,3,False,Scotiabank Saddledome,CGY,CBJ
2663,2024020405,2024-12-03,VGK,EDM,1,0,1,False,T-Mobile Arena,VGK,EDM
2708,2024020406,2024-12-04,TOR,NSH,3,2,5,False,Scotiabank Arena,TOR,NSH
2709,2024020407,2024-12-04,CHI,BOS,2,4,6,False,United Center,BOS,CHI
2710,2024020408,2024-12-04,ANA,VGK,1,4,5,False,Honda Center,VGK,ANA
2711,2024020409,2024-12-04,LAK,DAL,3,2,5,False,Crypto.com Arena,LAK,DAL
2760,2024020410,2024-12-05,BUF,WPG,2,3,5,True,KeyBank Center,WPG,BUF
2761,2024020411,2024-12-05,MTL,NSH,3,0,3,False,Centre Bell,MTL,NSH
2762,2024020412,2024-12-05,OTT,DET,2,1,3,False,Canadian Tire Centre,OTT,DET
2763,2024020413,2024-12-05,TBL,SJS,8,1,9,False,Amalie Arena,TBL,SJS
2764,2024020414,2024-12-05,PHI,FLA,5,7,12,False,Wells Fargo Center,FLA,PHI
2765,2024020415,2024-12-05,CAR,COL,5,3,8,False,Lenovo Center,CAR,COL
2766,2024020416,2024-12-05,NYI,SEA,2,5,7,False,UBS Arena,SEA,NYI
2767,2024020417,2024-12-05,CGY,STL,3,4,7,True,Scotiabank Saddledome,STL,CGY
2768,2024020418,2024-12-05,EDM,CBJ,6,3,9,False,Rogers Place,EDM,CBJ
2812,2024020419,2024-12-06,TOR,WSH,1,3,4,False,Scotiabank Arena,WSH,TOR
2813,2024020420,2024-12-06,NJD,SEA,3,2,5,False,Prudential Center,NJD,SEA
2814,2024020421,2024-12-06,NYR,PIT,4,2,6,False,Madison Square Garden,NYR,PIT
2815,2024020422,2024-12-06,VAN,CBJ,5,2,7,False,Rogers Arena,VAN,CBJ
2816,2024020423,2024-12-06,VGK,DAL,3,2,5,False,T-Mobile Arena,VGK,DAL
2817,2024020424,2024-12-06,ANA,MIN,1,5,6,False,Honda Center,MIN,ANA
2855,2024020425,2024-12-07,BOS,PHI,4,3,7,True,TD Garden,BOS,PHI
2856,2024020426,2024-12-07,BUF,UTA,2,5,7,False,KeyBank Center,UTA,BUF
2857,2024020427,2024-12-07,CHI,WPG,2,4,6,False,United Center,WPG,CHI
2858,2024020428,2024-12-07,NYI,CAR,4,3,7,False,UBS Arena,NYI,CAR
2859,2024020429,2024-12-07,FLA,SJS,3,1,4,False,Amerant Bank Arena,FLA,SJS
2860,2024020430,2024-12-07,MTL,WSH,2,4,6,False,Centre Bell,WSH,MTL
2861,2024020431,2024-12-07,OTT,NSH,3,1,4,False,Canadian Tire Centre,OTT,NSH
2862,2024020432,2024-12-07,DET,COL,1,2,3,False,Little Caesars Arena,COL,DET
2863,2024020433,2024-12-07,PIT,TOR,5,2,7,False,PPG Paints Arena,PIT,TOR
2864,2024020434,2024-12-07,LAK,MIN,4,1,5,False,Crypto.com Arena,LAK,MIN
2865,2024020435,2024-12-07,EDM,STL,4,2,6,False,Rogers Place,EDM,STL
2909,2024020436,2024-12-08,NYR,SEA,5,7,12,False,Madison Square Garden,SEA,NYR
2910,2024020437,2024-12-08,VAN,TBL,2,4,6,False,Rogers Arena,TBL,VAN
2911,2024020438,2024-12-08,OTT,NYI,2,4,6,False,Canadian Tire Centre,NYI,OTT
2912,2024020439,2024-12-08,WPG,CBJ,1,4,5,False,Canada Life Centre,CBJ,WPG
2913,2024020440,2024-12-08,NJD,COL,0,4,4,False,Prudential Center,COL,NJD
2914,2024020441,2024-12-08,PHI,UTA,2,4,6,False,Wells Fargo Center,UTA,PHI
2915,2024020442,2024-12-08,DAL,CGY,6,2,8,False,American Airlines Center,DAL,CGY
2963,2024020443,2024-12-09,BUF,DET,5,6,11,True,KeyBank Center,DET,BUF
2964,2024020444,2024-12-09,NYR,CHI,1,2,3,False,Madison Square Garden,CHI,NYR
2965,2024020445,2024-12-09,MTL,ANA,3,2,5,True,Centre Bell,MTL,ANA
3006,2024020446,2024-12-10,NJD,TOR,1,2,3,True,Prudential Center,TOR,NJD
3007,2024020447,2024-12-10,PIT,COL,2,6,8,False,PPG Paints Arena,COL,PIT
3008,2024020448,2024-12-10,CAR,SJS,3,2,5,False,Lenovo Center,CAR,SJS
3009,2024020449,2024-12-10,CBJ,PHI,3,5,8,False,Nationwide Arena,PHI,CBJ
3010,2024020450,2024-12-10,NYI,LAK,1,3,4,False,UBS Arena,LAK,NYI
3011,2024020451,2024-12-10,NSH,CGY,3,4,7,False,Bridgestone Arena,CGY,NSH
3012,2024020452,2024-12-10,WPG,BOS,8,1,9,False,Canada Life Centre,WPG,BOS
3013,2024020453,2024-12-10,EDM,TBL,2,1,3,False,Rogers Place,EDM,TBL
3014,2024020454,2024-12-10,UTA,MIN,4,5,9,True,Delta Center,MIN,UTA
3015,2024020455,2024-12-10,VAN,STL,3,4,7,True,Rogers Arena,STL,VAN
3016,2024020456,2024-12-10,SEA,FLA,1,2,3,True,Climate Pledge Arena,FLA,SEA
3064,2024020457,2024-12-11,BUF,NYR,2,3,5,False,KeyBank Center,NYR,BUF
3065,2024020458,2024-12-11,OTT,ANA,5,1,6,False,Canadian Tire Centre,OTT,ANA
3106,2024020459,2024-12-12,TOR,ANA,3,2,5,False,Scotiabank Arena,TOR,ANA
3107,2024020460,2024-12-12,MTL,PIT,2,9,11,False,Centre Bell,PIT,MTL
3108,2024020461,2024-12-12,NJD,LAK,3,1,4,False,Prudential Center,NJD,LAK
3109,2024020462,2024-12-12,PHI,DET,4,1,5,False,Wells Fargo Center,PHI,DET
3110,2024020463,2024-12-12,CBJ,WSH,1,2,3,True,Nationwide Arena,WSH,CBJ
3111,2024020464,2024-12-12,NYI,CHI,5,4,9,False,UBS Arena,NYI,CHI
3112,2024020465,2024-12-12,STL,SJS,3,4,7,False,Enterprise Center,SJS,STL
3113,2024020466,2024-12-12,DAL,NSH,1,4,5,False,American Airlines Center,NSH,DAL
3114,2024020468,2024-12-12,WPG,VGK,2,3,5,True,Canada Life Centre,VGK,WPG
3115,2024020467,2024-12-12,MIN,EDM,1,7,8,False,Xcel Energy Center,EDM,MIN
3116,2024020469,2024-12-12,COL,UTA,1,4,5,False,Ball Arena,UTA,COL
3117,2024020470,2024-12-12,CGY,TBL,3,8,11,False,Scotiabank Saddledome,TBL,CGY
3118,2024020471,2024-12-12,VAN,FLA,4,0,4,False,Rogers Arena,VAN,FLA
3119,2024020472,2024-12-12,SEA,BOS,5,1,6,False,Climate Pledge Arena,SEA,BOS
3168,2024020473,2024-12-13,CAR,OTT,0,3,3,False,Lenovo Center,OTT,CAR
3207,2024020474,2024-12-14,NJD,CHI,4,1,5,False,Prudential Center,NJD,CHI
3208,2024020475,2024-12-14,NYR,LAK,1,5,6,False,Madison Square Garden,LAK,NYR
3209,2024020476,2024-12-14,MIN,PHI,4,1,5,False,Xcel Energy Center,MIN,PHI
3210,2024020477,2024-12-14,EDM,VGK,6,3,9,False,Rogers Place,EDM,VGK
3211,2024020478,2024-12-14,OTT,PIT,3,2,5,True,Canadian Tire Centre,OTT,PIT
3212,2024020479,2024-12-14,DET,TOR,4,2,6,False,Little Caesars Arena,DET,TOR
3213,2024020480,2024-12-14,WSH,BUF,4,2,6,False,Capital One Arena,WSH,BUF
3214,2024020481,2024-12-14,CBJ,ANA,3,4,7,True,Nationwide Arena,ANA,CBJ
3215,2024020482,2024-12-14,WPG,MTL,4,2,6,False,Canada Life Centre,WPG,MTL
3216,2024020483,2024-12-14,DAL,STL,2,1,3,True,American Airlines Center,DAL,STL
3217,2024020484,2024-12-14,COL,NSH,5,2,7,False,Ball Arena,COL,NSH
3218,2024020485,2024-12-14,CGY,FLA,3,0,3,False,Scotiabank Saddledome,CGY,FLA
3219,2024020486,2024-12-14,VAN,BOS,1,5,6,False,Rogers Arena,BOS,VAN
3220,2024020487,2024-12-14,SJS,UTA,3,4,7,False,SAP Center at San Jose,UTA,SJS
3221,2024020488,2024-12-14,SEA,TBL,1,5,6,False,Climate Pledge Arena,TBL,SEA
3268,2024020489,2024-12-15,CHI,NYI,5,3,8,False,United Center,CHI,NYI
3269,2024020490,2024-12-15,TOR,BUF,5,3,8,False,Scotiabank Arena,TOR,BUF
3270,2024020491,2024-12-15,CAR,CBJ,4,1,5,False,Lenovo Center,CAR,CBJ
3271,2024020492,2024-12-15,STL,NYR,3,2,5,False,Enterprise Center,STL,NYR
3272,2024020493,2024-12-15,MIN,VGK,2,3,5,False,Xcel Energy Center,VGK,MIN
3321,2024020494,2024-12-16,DAL,WSH,3,1,4,False,American Airlines Center,DAL,WSH
3322,2024020495,2024-12-16,EDM,FLA,5,6,11,False,Rogers Place,FLA,EDM
3323,2024020496,2024-12-16,VAN,COL,3,1,4,False,Rogers Arena,VAN,COL
3364,2024020497,2024-12-17,MTL,BUF,6,1,7,False,Centre Bell,MTL,BUF
3365,2024020498,2024-12-17,TBL,CBJ,5,3,8,False,Amalie Arena,TBL,CBJ
3366,2024020499,2024-12-17,PIT,LAK,3,2,5,True,PPG Paints Arena,PIT,LAK
3367,2024020500,2024-12-17,CAR,NYI,4,0,4,False,Lenovo Center,CAR,NYI
3368,2024020501,2024-12-17,STL,NJD,1,4,5,False,Enterprise Center,NJD,STL
3369,2024020502,2024-12-17,NSH,NYR,2,0,2,False,Bridgestone Arena,NSH,NYR
3370,2024020503,2024-12-17,CHI,WSH,3,2,5,False,United Center,CHI,WSH
3371,2024020504,2024-12-17,CGY,BOS,3,4,7,True,Scotiabank Saddledome,BOS,CGY
3372,2024020505,2024-12-17,SEA,OTT,0,3,3,False,Climate Pledge Arena,OTT,SEA
3373,2024020506,2024-12-17,SJS,WPG,3,4,7,False,SAP Center at San Jose,WPG,SJS
3422,2024020507,2024-12-18,DET,PHI,6,4,10,False,Little Caesars Arena,DET,PHI
3423,2024020508,2024-12-18,DAL,TOR,3,5,8,False,American Airlines Center,TOR,DAL
3424,2024020509,2024-12-18,MIN,FLA,1,6,7,False,Xcel Energy Center,FLA,MIN
3425,2024020510,2024-12-18,UTA,VAN,3,2,5,True,Delta Center,UTA,VAN
3426,2024020511,2024-12-18,ANA,WPG,3,2,5,False,Honda Center,ANA,WPG
3466,2024020512,2024-12-19,TBL,STL,3,1,4,False,Amalie Arena,TBL,STL
3467,2024020514,2024-12-19,CBJ,NJD,4,2,6,False,Nationwide Arena,CBJ,NJD
3468,2024020513,2024-12-19,PHI,LAK,3,7,10,False,Wells Fargo Center,LAK,PHI
3469,2024020515,2024-12-19,NSH,PIT,4,5,9,True,Bridgestone Arena,PIT,NSH
3470,2024020516,2024-12-19,CHI,SEA,3,1,4,False,United Center,CHI,SEA
3471,2024020517,2024-12-19,CGY,OTT,2,3,5,True,Scotiabank Saddledome,OTT,CGY
3472,2024020518,2024-12-19,EDM,BOS,3,2,5,True,Rogers Place,EDM,BOS
3473,2024020519,2024-12-19,VGK,VAN,3,1,4,False,T-Mobile Arena,VGK,VAN
3474,2024020520,2024-12-19,SJS,COL,2,4,6,False,SAP Center at San Jose,COL,SJS
3522,2024020521,2024-12-20,BUF,TOR,3,6,9,False,KeyBank Center,TOR,BUF
3523,2024020522,2024-12-20,DET,MTL,3,4,7,False,Little Caesars Arena,MTL,DET
3524,2024020523,2024-12-20,FLA,STL,2,1,3,True,Amerant Bank Arena,FLA,STL
3525,2024020524,2024-12-20,WSH,CAR,3,1,4,False,Capital One Arena,WSH,CAR
3526,2024020525,2024-12-20,DAL,NYR,1,3,4,False,American Airlines Center,NYR,DAL
3527,2024020526,2024-12-20,MIN,UTA,1,2,3,False,Xcel Energy Center,UTA,MIN
3528,2024020527,2024-12-20,ANA,COL,2,4,6,False,Honda Center,COL,ANA
3568,2024020528,2024-12-21,NSH,LAK,3,2,5,True,Bridgestone Arena,NSH,LAK
3569,2024020529,2024-12-21,CGY,CHI,6,4,10,False,Scotiabank Saddledome,CGY,CHI
3570,2024020530,2024-12-21,EDM,SJS,3,2,5,True,Rogers Place,EDM,SJS
3571,2024020531,2024-12-21,BOS,BUF,3,1,4,False,TD Garden,BOS,BUF
3572,2024020532,2024-12-21,TOR,NYI,3,6,9,False,Scotiabank Arena,NYI,TOR
3573,2024020533,2024-12-21,MTL,DET,5,1,6,False,Centre Bell,MTL,DET
3574,2024020534,2024-12-21,NJD,PIT,3,0,3,False,Prudential Center,NJD,PIT
3575,2024020535,2024-12-21,PHI,CBJ,5,4,9,True,Wells Fargo Center,PHI,CBJ
3576,2024020536,2024-12-21,WPG,MIN,5,0,5,False,Canada Life Centre,WPG,MIN
3577,2024020537,2024-12-21,VAN,OTT,4,5,9,True,Rogers Arena,OTT,VAN
3578,2024020538,2024-12-21,VGK,SEA,6,2,8,False,T-Mobile Arena,VGK,SEA
3624,2024020539,2024-12-22,NYR,CAR,1,3,4,False,Madison Square Garden,CAR,NYR
3625,2024020540,2024-12-22,TBL,FLA,2,4,6,False,Amalie Arena,FLA,TBL
3626,2024020541,2024-12-22,WSH,LAK,3,1,4,False,Capital One Arena,WSH,LAK
3627,2024020542,2024-12-22,UTA,ANA,4,5,9,True,Delta Center,ANA,UTA
3628,2024020543,2024-12-22,COL,SEA,5,2,7,False,Ball Arena,COL,SEA
3629,2024020544,2024-12-22,EDM,OTT,3,1,4,False,Rogers Place,EDM,OTT
3678,2024020545,2024-12-23,NJD,NYR,5,0,5,False,Prudential Center,NJD,NYR
3679,2024020546,2024-12-23,TOR,WPG,2,5,7,False,Scotiabank Arena,WPG,TOR
3680,2024020547,2024-12-23,BOS,WSH,4,1,5,False,TD Garden,BOS,WSH
3681,2024020548,2024-12-23,DET,STL,0,4,4,False,Little Caesars Arena,STL,DET
3682,2024020549,2024-12-23,FLA,TBL,0,4,4,False,Amerant Bank Arena,TBL,FLA
3683,2024020550,2024-12-23,PIT,PHI,7,3,10,False,PPG Paints Arena,PIT,PHI
3684,2024020551,2024-12-23,CBJ,MTL,5,4,9,False,Nationwide Arena,CBJ,MTL
3685,2024020552,2024-12-23,NYI,BUF,1,7,8,False,UBS Arena,BUF,NYI
3686,2024020553,2024-12-23,NSH,CAR,5,2,7,False,Bridgestone Arena,NSH,CAR
3687,2024020554,2024-12-23,MIN,CHI,4,3,7,False,Xcel Energy Center,MIN,CHI
3688,2024020555,2024-12-23,VAN,SJS,4,3,7,False,Rogers Arena,VAN,SJS
3689,2024020556,2024-12-23,UTA,DAL,2,3,5,False,Delta Center,DAL,UTA
3690,2024020557,2024-12-23,VGK,ANA,3,1,4,False,T-Mobile Arena,VGK,ANA
3855,2024020558,2024-12-27,BUF,CHI,6,2,8,False,KeyBank Center,BUF,CHI
3856,2024020559,2024-12-27,DET,TOR,2,5,7,False,Little Caesars Arena,TOR,DET
3857,2024020560,2024-12-27,NJD,CAR,4,2,6,False,Prudential Center,NJD,CAR
3858,2024020561,2024-12-27,CBJ,BOS,6,2,8,False,Nationwide Arena,CBJ,BOS
3859,2024020562,2024-12-27,STL,NSH,7,4,11,False,Enterprise Center,STL,NSH
3860,2024020563,2024-12-27,DAL,MIN,2,3,5,True,American Airlines Center,MIN,DAL
3861,2024020564,2024-12-27,UTA,COL,1,4,5,False,Delta Center,COL,UTA
3862,2024020565,2024-12-27,SJS,VGK,3,6,9,False,SAP Center at San Jose,VGK,SJS
3890,2024020566,2024-12-28,FLA,MTL,0,4,4,False,Amerant Bank Arena,MTL,FLA
3891,2024020567,2024-12-28,VAN,SEA,4,5,9,True,Rogers Arena,SEA,VAN
3892,2024020568,2024-12-28,ANA,PHI,1,3,4,False,Honda Center,PHI,ANA
3893,2024020569,2024-12-28,LAK,EDM,4,3,7,True,Crypto.com Arena,LAK,EDM
3894,2024020570,2024-12-28,BOS,CBJ,4,0,4,False,TD Garden,BOS,CBJ
3895,2024020571,2024-12-28,TOR,WSH,2,5,7,False,Scotiabank Arena,WSH,TOR
3896,2024020572,2024-12-28,TBL,NYR,6,2,8,False,Amalie Arena,TBL,NYR
3897,2024020573,2024-12-28,CAR,NJD,5,2,7,False,Lenovo Center,CAR,NJD
3898,2024020574,2024-12-28,WPG,OTT,4,2,6,False,Canada Life Centre,WPG,OTT
3899,2024020575,2024-12-28,NYI,PIT,6,3,9,False,UBS Arena,NYI,PIT
3900,2024020576,2024-12-28,SJS,CGY,1,3,4,False,SAP Center at San Jose,CGY,SJS
3933,2024020582,2024-12-29,STL,BUF,2,4,6,False,Enterprise Center,BUF,STL
3934,2024020578,2024-12-29,ANA,EDM,5,3,8,False,Honda Center,ANA,EDM
3935,2024020579,2024-12-29,DET,WSH,4,2,6,False,Little Caesars Arena,DET,WSH
3936,2024020580,2024-12-29,TBL,MTL,2,5,7,False,Amalie Arena,MTL,TBL
3937,2024020581,2024-12-29,PIT,NYI,3,2,5,False,PPG Paints Arena,PIT,NYI
3938,2024020583,2024-12-29,MIN,OTT,1,3,4,False,Xcel Energy Center,OTT,MIN
3939,2024020584,2024-12-29,VGK,CGY,3,0,3,False,T-Mobile Arena,VGK,CGY
3940,2024020577,2024-12-29,CHI,DAL,1,5,6,False,United Center,DAL,CHI
3941,2024020585,2024-12-29,LAK,PHI,5,4,9,False,Crypto.com Arena,LAK,PHI
3970,2024020586,2024-12-30,FLA,NYR,5,3,8,False,Amerant Bank Arena,FLA,NYR
3971,2024020587,2024-12-30,WPG,NSH,3,0,3,False,Canada Life Centre,WPG,NSH
3972,2024020588,2024-12-30,SEA,UTA,5,2,7,False,Climate Pledge Arena,SEA,UTA
4004,2024020589,2024-12-31,WSH,BOS,3,1,4,False,Capital One Arena,WSH,BOS
4005,2024020590,2024-12-31,TOR,NYI,3,1,4,False,Scotiabank Arena,TOR,NYI
4006,2024020591,2024-12-31,VGK,MTL,2,3,5,False,T-Mobile Arena,MTL,VGK
4007,2024020592,2024-12-31,CHI,STL,2,6,8,False,Wrigley Field,STL,CHI
4008,2024020593,2024-12-31,DET,PIT,4,2,6,False,Little Caesars Arena,DET,PIT
4009,2024020594,2024-12-31,CBJ,CAR,4,3,7,True,Nationwide Arena,CBJ,CAR
4010,2024020595,2024-12-31,DAL,BUF,4,2,6,False,American Airlines Center,DAL,BUF
4011,2024020596,2024-12-31,MIN,NSH,5,3,8,False,Xcel Energy Center,MIN,NSH
4012,2024020597,2024-12-31,COL,WPG,5,2,7,False,Ball Arena,COL,WPG
4013,2024020598,2024-12-31,ANA,NJD,3,2,5,False,Honda Center,ANA,NJD
4014,2024020599,2024-12-31,SJS,PHI,0,4,4,False,SAP Center at San Jose,PHI,SJS
4015,2024020600,2024-12-31,CGY,VAN,3,1,4,False,Scotiabank Saddledome,CGY,VAN
4016,2024020601,2024-12-31,EDM,UTA,4,1,5,False,Rogers Place,EDM,UTA
4061,2024020602,2025-01-01,LAK,NJD,3,0,3,False,Crypto.com Arena,LAK,NJD
4107,2024020603,2025-01-02,FLA,CAR,1,3,4,False,Amerant Bank Arena,CAR,FLA
4108,2024020604,2025-01-02,NYR,BOS,2,1,3,False,Madison Square Garden,NYR,BOS
4109,2024020605,2025-01-02,WSH,MIN,3,4,7,True,Capital One Arena,MIN,WSH
4110,2024020606,2025-01-02,CBJ,DET,4,5,9,False,Nationwide Arena,DET,CBJ
4111,2024020607,2025-01-02,NYI,TOR,1,2,3,False,UBS Arena,TOR,NYI
4112,2024020608,2025-01-02,DAL,OTT,4,2,6,False,American Airlines Center,DAL,OTT
4113,2024020609,2025-01-02,WPG,ANA,3,4,7,True,Canada Life Centre,ANA,WPG
4114,2024020610,2025-01-02,COL,BUF,6,5,11,True,Ball Arena,COL,BUF
4115,2024020611,2025-01-02,CGY,UTA,3,5,8,False,Scotiabank Saddledome,UTA,CGY
4116,2024020612,2025-01-02,VGK,PHI,5,2,7,False,T-Mobile Arena,VGK,PHI
4117,2024020613,2025-01-02,SEA,VAN,3,4,7,True,Climate Pledge Arena,VAN,SEA
4118,2024020614,2025-01-02,SJS,TBL,2,1,3,False,SAP Center at San Jose,SJS,TBL
4168,2024020615,2025-01-03,FLA,PIT,3,2,5,True,Amerant Bank Arena,FLA,PIT
4169,2024020616,2025-01-03,CHI,MTL,4,2,6,False,United Center,CHI,MTL
4170,2024020617,2025-01-03,STL,OTT,4,0,4,False,Enterprise Center,STL,OTT
4171,2024020618,2025-01-03,EDM,ANA,3,2,5,False,Rogers Place,EDM,ANA
4172,2024020619,2025-01-03,VAN,NSH,0,3,3,False,Rogers Arena,NSH,VAN
4216,2024020620,2025-01-04,WSH,NYR,7,4,11,False,Capital One Arena,WSH,NYR
4217,2024020622,2025-01-04,SJS,NJD,3,2,5,False,SAP Center at San Jose,SJS,NJD
4218,2024020621,2025-01-04,WPG,DET,2,4,6,False,Canada Life Centre,DET,WPG
4219,2024020623,2025-01-04,TOR,BOS,6,4,10,False,Scotiabank Arena,TOR,BOS
4220,2024020624,2025-01-04,CAR,MIN,0,4,4,False,Lenovo Center,MIN,CAR
4221,2024020625,2025-01-04,CBJ,STL,6,4,10,False,Nationwide Arena,CBJ,STL
4222,2024020626,2025-01-04,COL,MTL,1,2,3,True,Ball Arena,MTL,COL
4223,2024020628,2025-01-04,DAL,UTA,3,2,5,True,American Airlines Center,DAL,UTA
4224,2024020629,2025-01-04,LAK,TBL,2,1,3,False,Crypto.com Arena,LAK,TBL
4225,2024020627,2025-01-04,CGY,NSH,1,4,5,False,Scotiabank Saddledome,NSH,CGY
4226,2024020630,2025-01-04,VGK,BUF,3,1,4,False,T-Mobile Arena,VGK,BUF
4227,2024020631,2025-01-04,SEA,EDM,2,4,6,False,Climate Pledge Arena,EDM,SEA
4274,2024020632,2025-01-05,CHI,NYR,2,6,8,False,United Center,NYR,CHI
4275,2024020633,2025-01-05,BOS,NYI,4,5,9,True,TD Garden,NYI,BOS
4276,2024020634,2025-01-05,CAR,PIT,4,3,7,True,Lenovo Center,CAR,PIT
4277,2024020635,2025-01-05,TOR,PHI,3,2,5,True,Scotiabank Arena,TOR,PHI
4278,2024020636,2025-01-05,ANA,TBL,4,1,5,False,Honda Center,ANA,TBL
4327,2024020637,2025-01-06,BUF,WSH,4,3,7,True,KeyBank Center,BUF,WSH
4328,2024020638,2025-01-06,MTL,VAN,5,4,9,True,Centre Bell,MTL,VAN
4329,2024020639,2025-01-06,COL,FLA,3,1,4,False,Ball Arena,COL,FLA
4330,2024020640,2025-01-06,SEA,NJD,2,3,5,False,Climate Pledge Arena,NJD,SEA
4370,2024020029,2025-01-07,TBL,CAR,3,2,5,False,Amalie Arena,TBL,CAR
4371,2024020641,2025-01-07,BOS,EDM,0,4,4,False,TD Garden,EDM,BOS
4372,2024020642,2025-01-07,DET,OTT,3,2,5,True,Little Caesars Arena,DET,OTT
4373,2024020643,2025-01-07,NYR,DAL,4,5,9,True,Madison Square Garden,DAL,NYR
4374,2024020645,2025-01-07,PIT,CBJ,3,4,7,True,PPG Paints Arena,CBJ,PIT
4375,2024020644,2025-01-07,PHI,TOR,2,3,5,False,Wells Fargo Center,TOR,PHI
4376,2024020646,2025-01-07,MIN,STL,6,4,10,False,Xcel Energy Center,MIN,STL
4377,2024020647,2025-01-07,WPG,NSH,5,2,7,False,Canada Life Centre,WPG,NSH
4378,2024020648,2025-01-07,ANA,CGY,2,3,5,True,Honda Center,CGY,ANA
4379,2024020649,2025-01-07,SJS,VGK,2,4,6,False,SAP Center at San Jose,VGK,SJS
4428,2024020650,2025-01-08,WSH,VAN,2,1,3,True,Capital One Arena,WSH,VAN
4429,2024020651,2025-01-08,CHI,COL,3,1,4,False,United Center,CHI,COL
4430,2024020652,2025-01-08,UTA,FLA,1,4,5,False,Delta Center,FLA,UTA
4470,2024020654,2025-01-09,OTT,BUF,0,4,4,False,Canadian Tire Centre,BUF,OTT
4471,2024020655,2025-01-09,TBL,BOS,4,1,5,False,Amalie Arena,TBL,BOS
4472,2024020656,2025-01-09,NYR,NJD,3,2,5,True,Madison Square Garden,NYR,NJD
4473,2024020657,2025-01-09,PHI,DAL,1,4,5,False,Wells Fargo Center,DAL,PHI
4474,2024020658,2025-01-09,PIT,EDM,5,3,8,False,PPG Paints Arena,PIT,EDM
4475,2024020660,2025-01-09,CBJ,SEA,6,2,8,False,Nationwide Arena,CBJ,SEA
4476,2024020659,2025-01-09,CAR,TOR,6,3,9,False,Lenovo Center,CAR,TOR
4477,2024020661,2025-01-09,STL,ANA,6,2,8,False,Enterprise Center,STL,ANA
4478,2024020662,2025-01-09,MIN,COL,1,6,7,False,Xcel Energy Center,COL,MIN
4479,2024020663,2025-01-09,VGK,NYI,0,4,4,False,T-Mobile Arena,NYI,VGK
4524,2024020664,2025-01-10,DET,CHI,5,3,8,False,Little Caesars Arena,DET,CHI
4525,2024020665,2025-01-10,WSH,MTL,2,3,5,True,Capital One Arena,MTL,WSH
4526,2024020666,2025-01-10,CAR,VAN,2,0,2,False,Lenovo Center,CAR,VAN
4527,2024020667,2025-01-10,WPG,LAK,1,2,3,True,Canada Life Centre,LAK,WPG
4528,2024020668,2025-01-10,UTA,SJS,2,1,3,False,Delta Center,UTA,SJS
4566,2024020669,2025-01-11,FLA,BOS,3,4,7,True,Amerant Bank Arena,BOS,FLA
4567,2024020670,2025-01-11,BUF,SEA,2,6,8,False,KeyBank Center,SEA,BUF
4568,2024020671,2025-01-11,PIT,OTT,0,5,5,False,PPG Paints Arena,OTT,PIT
4569,2024020672,2025-01-11,TOR,VAN,0,3,3,False,Scotiabank Arena,VAN,TOR
4570,2024020673,2025-01-11,MTL,DAL,1,2,3,True,Centre Bell,DAL,MTL
4571,2024020674,2025-01-11,NJD,TBL,3,2,5,True,Prudential Center,NJD,TBL
4572,2024020675,2025-01-11,PHI,ANA,6,0,6,False,Wells Fargo Center,PHI,ANA
4573,2024020676,2025-01-11,CHI,EDM,3,4,7,False,United Center,EDM,CHI
4574,2024020677,2025-01-11,STL,CBJ,1,2,3,False,Enterprise Center,CBJ,STL
4575,2024020678,2025-01-11,WPG,COL,3,0,3,False,Canada Life Centre,WPG,COL
4576,2024020679,2025-01-11,NSH,WSH,1,4,5,False,Bridgestone Arena,WSH,NSH
4577,2024020680,2025-01-11,UTA,NYI,1,2,3,False,Delta Center,NYI,UTA
4578,2024020681,2025-01-11,CGY,LAK,2,1,3,False,Scotiabank Saddledome,CGY,LAK
4579,2024020682,2025-01-11,VGK,NYR,1,2,3,False,T-Mobile Arena,NYR,VGK
4580,2024020683,2025-01-11,SJS,MIN,1,3,4,False,SAP Center at San Jose,MIN,SJS
4628,2024020684,2025-01-12,DET,SEA,6,2,8,False,Little Caesars Arena,DET,SEA
4629,2024020685,2025-01-12,OTT,DAL,3,2,5,False,Canadian Tire Centre,OTT,DAL
4630,2024020686,2025-01-12,PIT,TBL,2,5,7,False,PPG Paints Arena,TBL,PIT
4631,2024020687,2025-01-12,CAR,ANA,2,3,5,True,Lenovo Center,ANA,CAR
4632,2024020688,2025-01-12,VGK,MIN,4,1,5,False,T-Mobile Arena,VGK,MIN
4681,2024020689,2025-01-13,PHI,FLA,4,3,7,False,Wells Fargo Center,PHI,FLA
4682,2024020690,2025-01-13,CHI,CGY,2,5,7,False,United Center,CGY,CHI
4683,2024020691,2025-01-13,EDM,LAK,1,0,1,False,Rogers Place,EDM,LAK
4725,2024020692,2025-01-14,BOS,TBL,6,2,8,False,TD Garden,BOS,TBL
4726,2024020693,2025-01-14,TOR,DAL,1,4,5,False,Scotiabank Arena,DAL,TOR
4727,2024020694,2025-01-14,DET,SJS,3,6,9,False,Little Caesars Arena,SJS,DET
4728,2024020696,2025-01-14,PIT,SEA,2,4,6,False,PPG Paints Arena,SEA,PIT
4729,2024020697,2025-01-14,WSH,ANA,3,0,3,False,Capital One Arena,WSH,ANA
4730,2024020698,2025-01-14,CBJ,PHI,3,2,5,True,Nationwide Arena,CBJ,PHI
4731,2024020695,2025-01-14,NJD,FLA,1,2,3,True,Prudential Center,FLA,NJD
4732,2024020699,2025-01-14,NYI,OTT,0,2,2,False,UBS Arena,OTT,NYI
4733,2024020700,2025-01-14,STL,CGY,2,1,3,False,Enterprise Center,STL,CGY
4734,2024020701,2025-01-14,NSH,VGK,5,3,8,False,Bridgestone Arena,NSH,VGK
4735,2024020702,2025-01-14,WPG,VAN,6,1,7,False,Canada Life Centre,WPG,VAN
4736,2024020703,2025-01-14,COL,NYR,3,2,5,True,Ball Arena,COL,NYR
4737,2024020704,2025-01-14,UTA,MTL,3,5,8,False,Delta Center,MTL,UTA
4789,2024020705,2025-01-15,BUF,CAR,4,2,6,False,KeyBank Center,BUF,CAR
4790,2024020706,2025-01-15,MIN,EDM,3,5,8,False,Xcel Energy Center,EDM,MIN
4834,2024020707,2025-01-16,TOR,NJD,4,3,7,True,Scotiabank Arena,TOR,NJD
4835,2024020708,2025-01-16,OTT,WSH,0,1,1,True,Canadian Tire Centre,WSH,OTT
4836,2024020709,2025-01-16,TBL,ANA,4,3,7,True,Amalie Arena,TBL,ANA
4837,2024020710,2025-01-16,FLA,DET,2,5,7,False,Amerant Bank Arena,DET,FLA
4838,2024020711,2025-01-16,CBJ,SJS,4,1,5,False,Nationwide Arena,CBJ,SJS
4839,2024020712,2025-01-16,NYI,PHI,3,5,8,False,UBS Arena,PHI,NYI
4840,2024020713,2025-01-16,STL,CGY,4,1,5,False,Enterprise Center,STL,CGY
4841,2024020714,2025-01-16,NSH,CHI,3,2,5,True,Bridgestone Arena,NSH,CHI
4842,2024020715,2025-01-16,DAL,MTL,1,3,4,False,American Airlines Center,MTL,DAL
4843,2024020716,2025-01-16,WPG,SEA,2,1,3,False,Canada Life Centre,WPG,SEA
4844,2024020717,2025-01-16,UTA,NYR,3,5,8,False,Delta Center,NYR,UTA
4845,2024020718,2025-01-16,COL,EDM,3,4,7,False,Ball Arena,EDM,COL
4846,2024020719,2025-01-16,VAN,LAK,1,5,6,False,Rogers Arena,LAK,VAN
4898,2024020720,2025-01-17,BUF,PIT,2,5,7,False,KeyBank Center,PIT,BUF
4899,2024020721,2025-01-17,CAR,VGK,3,2,5,False,Lenovo Center,CAR,VGK
4938,2024020722,2025-01-18,NJD,PHI,1,3,4,False,Prudential Center,PHI,NJD
4939,2024020723,2025-01-18,OTT,BOS,6,5,11,True,Canadian Tire Centre,OTT,BOS
4940,2024020724,2025-01-18,COL,DAL,6,3,9,False,Ball Arena,COL,DAL
4941,2024020725,2025-01-18,FLA,ANA,3,0,3,False,Amerant Bank Arena,FLA,ANA
4942,2024020726,2025-01-18,MTL,TOR,3,7,10,False,Centre Bell,TOR,MTL
4943,2024020727,2025-01-18,TBL,DET,5,1,6,False,Amalie Arena,TBL,DET
4944,2024020728,2025-01-18,NYR,CBJ,1,0,1,True,Madison Square Garden,NYR,CBJ
4945,2024020729,2025-01-18,WSH,PIT,4,1,5,False,Capital One Arena,WSH,PIT
4946,2024020730,2025-01-18,WPG,CGY,1,3,4,False,Canada Life Centre,CGY,WPG
4947,2024020731,2025-01-18,NYI,SJS,4,1,5,False,UBS Arena,NYI,SJS
4948,2024020732,2025-01-18,CHI,VGK,5,3,8,False,United Center,CHI,VGK
4949,2024020733,2025-01-18,NSH,MIN,6,2,8,False,Bridgestone Arena,NSH,MIN
4950,2024020734,2025-01-18,UTA,STL,4,2,6,False,Delta Center,UTA,STL
4951,2024020735,2025-01-18,VAN,EDM,3,2,5,False,Rogers Arena,VAN,EDM
4952,2024020736,2025-01-18,SEA,LAK,4,2,6,False,Climate Pledge Arena,SEA,LAK
5001,2024020737,2025-01-19,NJD,OTT,1,2,3,False,Prudential Center,OTT,NJD
5002,2024020738,2025-01-19,MTL,NYR,5,4,9,True,Centre Bell,MTL,NYR
5003,2024020739,2025-01-19,DAL,DET,4,1,5,False,American Airlines Center,DAL,DET
5052,2024020740,2025-01-20,BOS,SJS,6,3,9,False,TD Garden,BOS,SJS
5053,2024020741,2025-01-20,COL,MIN,1,3,4,False,Ball Arena,MIN,COL
5054,2024020742,2025-01-20,SEA,BUF,6,4,10,False,Climate Pledge Arena,SEA,BUF
5055,2024020743,2025-01-20,VGK,STL,4,5,9,True,T-Mobile Arena,STL,VGK
5056,2024020744,2025-01-20,TOR,TBL,5,3,8,False,Scotiabank Arena,TOR,TBL
5057,2024020745,2025-01-20,NYI,CBJ,3,1,4,False,UBS Arena,NYI,CBJ
5058,2024020746,2025-01-20,CHI,CAR,3,4,7,True,United Center,CAR,CHI
5059,2024020747,2025-01-20,UTA,WPG,5,2,7,False,Delta Center,UTA,WPG
5060,2024020748,2025-01-20,LAK,PIT,1,5,6,False,Crypto.com Arena,PIT,LAK
5105,2024020749,2025-01-21,MTL,TBL,3,2,5,False,Centre Bell,MTL,TBL
5106,2024020750,2025-01-21,NYR,OTT,5,0,5,False,Madison Square Garden,NYR,OTT
5107,2024020751,2025-01-21,PHI,DET,2,1,3,True,Wells Fargo Center,PHI,DET
5108,2024020752,2025-01-21,NSH,SJS,7,5,12,False,Bridgestone Arena,NSH,SJS
5109,2024020753,2025-01-21,DAL,CAR,1,2,3,False,American Airlines Center,CAR,DAL
5110,2024020754,2025-01-21,EDM,WSH,2,3,5,False,Rogers Place,WSH,EDM
5111,2024020755,2025-01-21,VAN,BUF,2,3,5,False,Rogers Arena,BUF,VAN
5112,2024020756,2025-01-21,ANA,FLA,2,5,7,False,Honda Center,FLA,ANA
5163,2024020758,2025-01-22,NJD,BOS,5,1,6,False,Prudential Center,NJD,BOS
5164,2024020757,2025-01-22,TOR,CBJ,1,5,6,False,Scotiabank Arena,CBJ,TOR
5165,2024020759,2025-01-22,COL,WPG,2,3,5,True,Ball Arena,WPG,COL
5166,2024020760,2025-01-22,LAK,FLA,2,1,3,False,Crypto.com Arena,LAK,FLA
5208,2024020761,2025-01-23,BOS,OTT,2,0,2,False,TD Garden,BOS,OTT
5209,2024020762,2025-01-23,DET,MTL,4,2,6,False,Little Caesars Arena,DET,MTL
5210,2024020763,2025-01-23,NYR,PHI,6,1,7,False,Madison Square Garden,NYR,PHI
5211,2024020764,2025-01-23,CAR,CBJ,7,4,11,False,Lenovo Center,CAR,CBJ
5212,2024020765,2025-01-23,STL,VGK,2,4,6,False,Enterprise Center,VGK,STL
5213,2024020766,2025-01-23,MIN,UTA,0,4,4,False,Xcel Energy Center,UTA,MIN
5214,2024020767,2025-01-23,CGY,BUF,5,2,7,False,Scotiabank Saddledome,CGY,BUF
5215,2024020768,2025-01-23,EDM,VAN,6,2,8,False,Rogers Place,EDM,VAN
5216,2024020769,2025-01-23,ANA,PIT,5,1,6,False,Honda Center,ANA,PIT
5217,2024020770,2025-01-23,SEA,WSH,0,3,3,False,Climate Pledge Arena,WSH,SEA
5218,2024020771,2025-01-23,SJS,NSH,5,6,11,False,SAP Center at San Jose,NSH,SJS
5269,2024020772,2025-01-24,NYI,PHI,3,1,4,False,UBS Arena,NYI,PHI
5270,2024020774,2025-01-24,DAL,VGK,4,3,7,False,American Airlines Center,DAL,VGK
5271,2024020773,2025-01-24,CHI,TBL,3,4,7,True,United Center,TBL,CHI
5272,2024020775,2025-01-24,WPG,UTA,5,2,7,False,Canada Life Centre,WPG,UTA
5312,2024020776,2025-01-25,BOS,COL,3,1,4,False,TD Garden,BOS,COL
5313,2024020777,2025-01-25,EDM,BUF,3,2,5,False,Rogers Place,EDM,BUF
5314,2024020778,2025-01-25,SEA,PIT,4,1,5,False,Climate Pledge Arena,SEA,PIT
5315,2024020779,2025-01-25,MTL,NJD,3,4,7,True,Centre Bell,NJD,MTL
5316,2024020780,2025-01-25,OTT,TOR,2,1,3,False,Canadian Tire Centre,OTT,TOR
5317,2024020781,2025-01-25,DET,TBL,2,0,2,False,Little Caesars Arena,DET,TBL
5318,2024020782,2025-01-25,CBJ,LAK,3,2,5,True,Nationwide Arena,CBJ,LAK
5319,2024020783,2025-01-25,STL,DAL,0,2,2,False,Enterprise Center,DAL,STL
5320,2024020784,2025-01-25,MIN,CGY,4,5,9,False,Xcel Energy Center,CGY,MIN
5321,2024020785,2025-01-25,NYI,CAR,3,2,5,True,UBS Arena,NYI,CAR
5322,2024020786,2025-01-25,VAN,WSH,2,1,3,False,Rogers Arena,VAN,WSH
5323,2024020787,2025-01-25,ANA,NSH,5,2,7,False,Honda Center,ANA,NSH
5324,2024020788,2025-01-25,SJS,FLA,2,7,9,False,SAP Center at San Jose,FLA,SJS
5374,2024020789,2025-01-26,NYR,COL,4,5,9,False,Madison Square Garden,COL,NYR
5375,2024020790,2025-01-26,OTT,UTA,3,1,4,False,Canadian Tire Centre,OTT,UTA
5376,2024020791,2025-01-26,WPG,CGY,5,2,7,False,Canada Life Centre,WPG,CGY
5377,2024020792,2025-01-26,CHI,MIN,2,4,6,False,United Center,MIN,CHI
5378,2024020793,2025-01-26,VGK,FLA,4,1,5,False,T-Mobile Arena,VGK,FLA
5424,2024020794,2025-01-27,DET,LAK,5,2,7,False,Little Caesars Arena,DET,LAK
5425,2024020795,2025-01-27,PHI,NJD,4,2,6,False,Wells Fargo Center,PHI,NJD
5426,2024020796,2025-01-27,STL,VAN,2,5,7,False,Enterprise Center,VAN,STL
5427,2024020797,2025-01-27,EDM,SEA,4,2,6,False,Rogers Place,EDM,SEA
5428,2024020798,2025-01-27,SJS,PIT,2,1,3,False,SAP Center at San Jose,SJS,PIT
5471,2024020799,2025-01-28,BUF,BOS,7,2,9,False,KeyBank Center,BUF,BOS
5472,2024020800,2025-01-28,MTL,WPG,1,4,5,False,Centre Bell,WPG,MTL
5473,2024020801,2025-01-28,TBL,CHI,1,4,5,False,Amalie Arena,CHI,TBL
5474,2024020802,2025-01-28,NYR,CAR,0,4,4,False,Madison Square Garden,CAR,NYR
5475,2024020803,2025-01-28,NYI,COL,5,2,7,False,UBS Arena,NYI,COL
5476,2024020804,2025-01-28,CGY,WSH,1,3,4,False,Scotiabank Saddledome,WSH,CGY
5477,2024020805,2025-01-28,VGK,DAL,3,4,7,True,T-Mobile Arena,DAL,VGK
5478,2024020806,2025-01-28,SEA,ANA,4,6,10,False,Climate Pledge Arena,ANA,SEA
5525,2024020807,2025-01-29,TOR,MIN,1,3,4,False,Scotiabank Arena,MIN,TOR
5526,2024020808,2025-01-29,FLA,LAK,3,0,3,False,Amerant Bank Arena,FLA,LAK
5527,2024020809,2025-01-29,NJD,PHI,5,0,5,False,Prudential Center,NJD,PHI
5528,2024020810,2025-01-29,NSH,VAN,1,3,4,False,Bridgestone Arena,VAN,NSH
5529,2024020811,2025-01-29,UTA,PIT,2,3,5,True,Delta Center,PIT,UTA
5570,2024020812,2025-01-30,BOS,WPG,2,6,8,False,TD Garden,WPG,BOS
5571,2024020813,2025-01-30,MTL,MIN,0,4,4,False,Centre Bell,MIN,MTL
5572,2024020814,2025-01-30,OTT,WSH,5,4,9,True,Canadian Tire Centre,OTT,WSH
5573,2024020815,2025-01-30,TBL,LAK,3,0,3,False,Amalie Arena,TBL,LAK
5574,2024020817,2025-01-30,CAR,CHI,3,2,5,False,Lenovo Center,CAR,CHI
5575,2024020816,2025-01-30,PHI,NYI,0,3,3,False,Wells Fargo Center,NYI,PHI
5576,2024020818,2025-01-30,CGY,ANA,4,1,5,False,Scotiabank Saddledome,CGY,ANA
5577,2024020819,2025-01-30,EDM,DET,2,3,5,True,Rogers Place,DET,EDM
5578,2024020820,2025-01-30,VGK,CBJ,1,2,3,True,T-Mobile Arena,CBJ,VGK
5579,2024020821,2025-01-30,SEA,SJS,6,2,8,False,Climate Pledge Arena,SEA,SJS
5626,2024020822,2025-01-31,BUF,NSH,4,3,7,False,KeyBank Center,BUF,NSH
5627,2024020823,2025-01-31,DAL,VAN,5,3,8,False,American Airlines Center,DAL,VAN
5628,2024020824,2025-01-31,COL,STL,5,0,5,False,Ball Arena,COL,STL
5629,2024020825,2025-01-31,UTA,CBJ,2,3,5,True,Delta Center,CBJ,UTA
5667,2024020826,2025-02-01,FLA,CHI,5,1,6,False,Amerant Bank Arena,FLA,CHI
5668,2024020827,2025-02-01,BOS,NYR,6,3,9,False,TD Garden,BOS,NYR
5669,2024020828,2025-02-01,OTT,MIN,6,0,6,False,Canadian Tire Centre,OTT,MIN
5670,2024020829,2025-02-01,TBL,NYI,2,3,5,True,Amalie Arena,NYI,TBL
5671,2024020830,2025-02-01,PIT,NSH,3,0,3,False,PPG Paints Arena,PIT,NSH
5672,2024020831,2025-02-01,WSH,WPG,4,5,9,True,Capital One Arena,WPG,WSH
5673,2024020832,2025-02-01,CAR,LAK,2,4,6,False,Lenovo Center,LAK,CAR
5674,2024020833,2025-02-01,EDM,TOR,3,4,7,False,Rogers Place,TOR,EDM
5675,2024020834,2025-02-01,CGY,DET,1,3,4,False,Scotiabank Saddledome,DET,CGY
5717,2024020835,2025-02-02,BUF,NJD,4,3,7,False,KeyBank Center,BUF,NJD
5718,2024020836,2025-02-02,COL,PHI,2,0,2,False,Ball Arena,COL,PHI
5719,2024020837,2025-02-02,ANA,MTL,3,2,5,False,Honda Center,ANA,MTL
5720,2024020838,2025-02-02,FLA,NYI,6,3,9,False,Amerant Bank Arena,FLA,NYI
5721,2024020839,2025-02-02,NYR,VGK,4,2,6,False,Madison Square Garden,NYR,VGK
5722,2024020840,2025-02-02,DAL,CBJ,5,3,8,False,American Airlines Center,DAL,CBJ
5723,2024020841,2025-02-02,UTA,STL,1,2,3,False,Delta Center,STL,UTA
5724,2024020842,2025-02-02,VAN,DET,2,3,5,True,Rogers Arena,DET,VAN
5725,2024020843,2025-02-02,SEA,CGY,2,3,5,False,Climate Pledge Arena,CGY,SEA
5771,2024020844,2025-02-03,NSH,OTT,2,5,7,False,Bridgestone Arena,OTT,NSH
5810,2024020845,2025-02-04,BOS,MIN,3,0,3,False,TD Garden,BOS,MIN
5811,2024020846,2025-02-04,BUF,CBJ,3,2,5,False,KeyBank Center,BUF,CBJ
5812,2024020847,2025-02-04,TBL,OTT,4,3,7,False,Amalie Arena,TBL,OTT
5813,2024020848,2025-02-04,PIT,NJD,2,3,5,True,PPG Paints Arena,NJD,PIT
5814,2024020849,2025-02-04,WSH,FLA,6,3,9,False,Capital One Arena,WSH,FLA
5815,2024020850,2025-02-04,NYI,VGK,2,1,3,False,UBS Arena,NYI,VGK
5816,2024020851,2025-02-04,STL,EDM,2,3,5,True,Enterprise Center,EDM,STL
5817,2024020852,2025-02-04,WPG,CAR,3,0,3,False,Canada Life Centre,WPG,CAR
5818,2024020853,2025-02-04,CGY,TOR,3,6,9,False,Scotiabank Saddledome,TOR,CGY
5819,2024020854,2025-02-04,UTA,PHI,3,2,5,True,Delta Center,UTA,PHI
5820,2024020855,2025-02-04,VAN,COL,3,0,3,False,Rogers Arena,VAN,COL
5821,2024020857,2025-02-04,SEA,DET,4,5,9,True,Climate Pledge Arena,DET,SEA
5822,2024020856,2025-02-04,ANA,DAL,2,1,3,False,Honda Center,ANA,DAL
5823,2024020858,2025-02-04,SJS,MTL,3,4,7,False,SAP Center at San Jose,MTL,SJS
5871,2024020859,2025-02-05,NYR,BOS,3,2,5,False,Madison Square Garden,NYR,BOS
5872,2024020860,2025-02-05,CHI,EDM,3,4,7,True,United Center,EDM,CHI
5873,2024020861,2025-02-05,LAK,MTL,6,3,9,False,Crypto.com Arena,LAK,MTL
5914,2024020862,2025-02-06,TBL,OTT,5,1,6,False,Amalie Arena,TBL,OTT
5915,2024020863,2025-02-06,NJD,VGK,1,3,4,False,Prudential Center,VGK,NJD
5916,2024020864,2025-02-06,PHI,WSH,3,4,7,False,Wells Fargo Center,WSH,PHI
5917,2024020865,2025-02-06,CBJ,UTA,2,3,5,True,Nationwide Arena,UTA,CBJ
5918,2024020867,2025-02-06,MIN,CAR,2,1,3,False,Xcel Energy Center,MIN,CAR
5919,2024020866,2025-02-06,STL,FLA,2,3,5,False,Enterprise Center,FLA,STL
5920,2024020868,2025-02-06,CGY,COL,2,4,6,False,Scotiabank Saddledome,COL,CGY
5921,2024020869,2025-02-06,SEA,TOR,1,3,4,False,Climate Pledge Arena,TOR,SEA
5922,2024020870,2025-02-06,SJS,VAN,1,2,3,True,SAP Center at San Jose,VAN,SJS
5968,2024020871,2025-02-07,NYR,PIT,2,3,5,False,Madison Square Garden,PIT,NYR
5969,2024020872,2025-02-07,WPG,NYI,4,3,7,False,Canada Life Centre,WPG,NYI
5970,2024020873,2025-02-07,CHI,NSH,6,2,8,False,United Center,CHI,NSH
5971,2024020874,2025-02-07,EDM,COL,4,5,9,False,Rogers Place,COL,EDM
5972,2024020875,2025-02-07,LAK,DAL,5,4,9,True,Crypto.com Arena,LAK,DAL
6014,2024020876,2025-02-08,MTL,NJD,0,4,4,False,Centre Bell,NJD,MTL
6015,2024020877,2025-02-08,DET,TBL,3,6,9,False,Little Caesars Arena,TBL,DET
6016,2024020878,2025-02-08,CAR,UTA,7,3,10,False,Lenovo Center,CAR,UTA
6017,2024020879,2025-02-08,BOS,VGK,3,4,7,False,TD Garden,VGK,BOS
6018,2024020880,2025-02-08,FLA,OTT,5,1,6,False,Amerant Bank Arena,FLA,OTT
6019,2024020881,2025-02-08,PHI,PIT,3,2,5,False,Wells Fargo Center,PHI,PIT
6020,2024020882,2025-02-08,CBJ,NYR,3,4,7,False,Nationwide Arena,NYR,CBJ
6021,2024020883,2025-02-08,STL,CHI,6,5,11,True,Enterprise Center,STL,CHI
6022,2024020884,2025-02-08,VAN,TOR,2,1,3,False,Rogers Arena,VAN,TOR
6023,2024020885,2025-02-08,NSH,BUF,6,4,10,False,Bridgestone Arena,NSH,BUF
6024,2024020886,2025-02-08,MIN,NYI,6,3,9,False,Xcel Energy Center,MIN,NYI
6025,2024020887,2025-02-08,CGY,SEA,2,3,5,True,Scotiabank Saddledome,SEA,CGY
6026,2024020889,2025-02-08,SJS,DAL,3,8,11,False,SAP Center at San Jose,DAL,SJS
6027,2024020888,2025-02-08,LAK,ANA,1,2,3,True,Crypto.com Arena,ANA,LAK
6074,2024020890,2025-02-09,WSH,UTA,4,5,9,True,Capital One Arena,UTA,WSH
6075,2024020891,2025-02-09,MTL,TBL,3,5,8,False,Centre Bell,TBL,MTL
