game_id,game_date,home_team,away_team,home_score,away_score,total_score,overtime,venue
2024020001,2024-10-04,BUF,NJD,1,4,5,FALSE,O2 Czech Republic
2024020002,2024-10-05,NJD,BUF,3,1,4,FALSE,O2 Czech Republic
2024020003,2024-10-08,SEA,STL,2,3,5,FALSE,Climate Pledge Arena
2024020004,2024-10-08,FLA,BOS,6,4,10,FALSE,Amerant Bank Arena
2024020005,2024-10-08,UTA,CHI,5,2,7,FALSE,Delta Center
2024020006,2024-10-09,MTL,TOR,1,0,1,FALSE,Centre Bell
2024020007,2024-10-09,PIT,NYR,0,6,6,FALSE,PPG Paints Arena
2024020008,2024-10-09,EDM,WPG,0,6,6,FALSE,Rogers Place
2024020009,2024-10-09,VAN,CGY,5,6,11,TRUE,Rogers Arena
2024020010,2024-10-09,VGK,COL,8,4,12,FALSE,T-Mobile Arena
2024020011,2024-10-10,BOS,MTL,6,4,10,FALSE,TD Garden
2024020012,2024-10-10,BUF,LAK,1,3,4,FALSE,KeyBank Center
2024020013,2024-10-10,OTT,FLA,3,1,4,FALSE,Canadian Tire Centre
2024020015,2024-10-10,NJD,TOR,2,4,6,FALSE,Prudential Center
2024020016,2024-10-10,NYI,UTA,4,5,9,TRUE,UBS Arena
2024020014,2024-10-10,DET,PIT,3,6,9,FALSE,Little Caesars Arena
2024020017,2024-10-10,NSH,DAL,3,4,7,FALSE,Bridgestone Arena
2024020018,2024-10-10,MIN,CBJ,3,2,5,FALSE,Xcel Energy Center
2024020019,2024-10-10,SJS,STL,4,5,9,TRUE,SAP Center at San Jose
2024020020,2024-10-11,CAR,TBL,1,4,5,FALSE,Lenovo Center
2024020021,2024-10-11,WPG,CHI,2,1,3,TRUE,Canada Life Centre
2024020022,2024-10-11,VAN,PHI,2,3,5,TRUE,Rogers Arena
2024020023,2024-10-11,VGK,STL,4,3,7,FALSE,T-Mobile Arena
2024020024,2024-10-12,BOS,LAK,2,1,3,TRUE,TD Garden
2024020025,2024-10-12,BUF,FLA,5,2,7,FALSE,KeyBank Center
2024020026,2024-10-12,TOR,PIT,4,2,6,FALSE,Scotiabank Arena
2024020027,2024-10-12,MTL,OTT,4,1,5,FALSE,Centre Bell
2024020028,2024-10-12,DET,NSH,3,0,3,FALSE,Little Caesars Arena
2024020030,2024-10-12,NYR,UTA,5,6,11,TRUE,Madison Square Garden
2024020031,2024-10-12,WSH,NJD,3,5,8,FALSE,Capital One Arena
2024020032,2024-10-12,DAL,NYI,3,0,3,FALSE,American Airlines Center
2024020033,2024-10-12,MIN,SEA,4,5,9,TRUE,Xcel Energy Center
2024020034,2024-10-12,COL,CBJ,4,6,10,FALSE,Ball Arena
2024020035,2024-10-12,CGY,PHI,6,3,9,FALSE,Scotiabank Saddledome
2024020036,2024-10-12,EDM,CHI,2,5,7,FALSE,Rogers Place
2024020037,2024-10-12,SJS,ANA,0,2,2,FALSE,SAP Center at San Jose
2024020038,2024-10-13,WPG,MIN,2,1,3,TRUE,Canada Life Centre
2024020039,2024-10-13,DAL,SEA,2,0,2,FALSE,American Airlines Center
2024020040,2024-10-13,EDM,CGY,1,4,5,FALSE,Rogers Place
2024020041,2024-10-13,VGK,ANA,3,1,4,FALSE,T-Mobile Arena
2024020042,2024-10-14,BOS,FLA,3,4,7,FALSE,TD Garden
2024020043,2024-10-14,OTT,LAK,8,7,15,TRUE,Canadian Tire Centre
2024020044,2024-10-14,NJD,UTA,3,0,3,FALSE,Prudential Center
2024020045,2024-10-14,NYR,DET,4,1,5,FALSE,Madison Square Garden
2024020046,2024-10-14,MTL,PIT,3,6,9,FALSE,Centre Bell
2024020047,2024-10-14,COL,NYI,2,6,8,FALSE,Ball Arena
2024020048,2024-10-15,TBL,VAN,4,1,5,FALSE,Amalie Arena
2024020049,2024-10-15,WSH,VGK,4,2,6,FALSE,Capital One Arena
2024020050,2024-10-15,CAR,NJD,4,2,6,FALSE,Lenovo Center
2024020051,2024-10-15,CBJ,FLA,3,4,7,FALSE,Nationwide Arena
2024020052,2024-10-15,STL,MIN,1,4,5,FALSE,Enterprise Center
2024020053,2024-10-15,NSH,SEA,3,7,10,FALSE,Bridgestone Arena
2024020054,2024-10-15,DAL,SJS,3,2,5,TRUE,American Airlines Center
2024020055,2024-10-15,CGY,CHI,3,1,4,FALSE,Scotiabank Saddledome
2024020056,2024-10-15,EDM,PHI,4,3,7,TRUE,Rogers Place
2024020057,2024-10-16,PIT,BUF,6,5,11,TRUE,PPG Paints Arena
2024020058,2024-10-16,TOR,LAK,6,2,8,FALSE,Scotiabank Arena
2024020059,2024-10-16,COL,BOS,3,5,8,FALSE,Ball Arena
2024020060,2024-10-16,ANA,UTA,5,4,9,TRUE,Honda Center
2024020061,2024-10-17,MTL,LAK,1,4,5,FALSE,Centre Bell
2024020062,2024-10-17,OTT,NJD,1,3,4,FALSE,Canadian Tire Centre
2024020064,2024-10-17,TBL,VGK,4,3,7,FALSE,Amalie Arena
2024020065,2024-10-17,FLA,VAN,2,3,5,TRUE,Amerant Bank Arena
2024020066,2024-10-17,WSH,DAL,3,2,5,FALSE,Capital One Arena
2024020067,2024-10-17,CBJ,BUF,6,4,10,FALSE,Nationwide Arena
2024020063,2024-10-17,DET,NYR,2,5,7,FALSE,Little Caesars Arena
2024020068,2024-10-17,STL,NYI,1,0,1,TRUE,Enterprise Center
2024020069,2024-10-17,NSH,EDM,2,4,6,FALSE,Bridgestone Arena
2024020070,2024-10-17,CHI,SJS,4,2,6,FALSE,United Center
2024020071,2024-10-17,SEA,PHI,6,4,10,FALSE,Climate Pledge Arena
2024020072,2024-10-18,PIT,CAR,1,4,5,FALSE,PPG Paints Arena
2024020073,2024-10-18,WPG,SJS,8,3,11,FALSE,Canada Life Centre
2024020074,2024-10-18,COL,ANA,4,3,7,TRUE,Ball Arena
2024020075,2024-10-19,OTT,TBL,5,4,9,FALSE,Canadian Tire Centre
2024020076,2024-10-19,NSH,DET,2,5,7,FALSE,Bridgestone Arena
2024020077,2024-10-19,DAL,EDM,4,1,5,FALSE,American Airlines Center
2024020078,2024-10-19,FLA,VGK,4,3,7,TRUE,Amerant Bank Arena
2024020079,2024-10-19,TOR,NYR,1,4,5,FALSE,Scotiabank Arena
2024020080,2024-10-19,NJD,WSH,5,6,11,TRUE,Prudential Center
2024020081,2024-10-19,NYI,MTL,4,3,7,TRUE,UBS Arena
2024020082,2024-10-19,PHI,VAN,0,3,3,FALSE,Wells Fargo Center
2024020083,2024-10-19,CBJ,MIN,1,3,4,FALSE,Nationwide Arena
2024020084,2024-10-19,STL,CAR,4,3,7,FALSE,Enterprise Center
2024020085,2024-10-19,CHI,BUF,2,4,6,FALSE,United Center
2024020086,2024-10-19,UTA,BOS,2,1,3,TRUE,Delta Center
2024020087,2024-10-19,SEA,CGY,2,1,3,TRUE,Climate Pledge Arena
2024020088,2024-10-20,WPG,PIT,6,3,9,FALSE,Canada Life Centre
2024020089,2024-10-20,SJS,COL,1,4,5,FALSE,SAP Center at San Jose
2024020090,2024-10-20,ANA,LAK,1,4,5,FALSE,Honda Center
2024020091,2024-10-21,TOR,TBL,5,2,7,FALSE,Scotiabank Arena
2024020092,2024-10-22,PHI,WSH,1,4,5,FALSE,Wells Fargo Center
2024020093,2024-10-22,FLA,MIN,1,5,6,FALSE,Amerant Bank Arena
2024020094,2024-10-22,NJD,TBL,5,8,13,FALSE,Prudential Center
2024020095,2024-10-22,BUF,DAL,4,2,6,FALSE,KeyBank Center
2024020096,2024-10-22,MTL,NYR,2,7,9,FALSE,Centre Bell
2024020097,2024-10-22,CBJ,TOR,6,2,8,FALSE,Nationwide Arena
2024020098,2024-10-22,NYI,DET,0,1,1,FALSE,UBS Arena
2024020099,2024-10-22,STL,WPG,2,3,5,FALSE,Enterprise Center
2024020100,2024-10-22,CHI,VAN,3,6,9,FALSE,United Center
2024020106,2024-10-22,SEA,COL,2,3,5,FALSE,Climate Pledge Arena
2024020101,2024-10-22,NSH,BOS,4,0,4,FALSE,Bridgestone Arena
2024020103,2024-10-22,EDM,CAR,2,3,5,TRUE,Rogers Place
2024020104,2024-10-22,UTA,OTT,0,4,4,FALSE,Delta Center
2024020102,2024-10-22,CGY,PIT,4,3,7,TRUE,Scotiabank Saddledome
2024020105,2024-10-22,ANA,SJS,3,1,4,FALSE,Honda Center
2024020107,2024-10-22,VGK,LAK,6,1,7,FALSE,T-Mobile Arena
2024020108,2024-10-23,WSH,PHI,6,3,9,FALSE,Capital One Arena
2024020109,2024-10-24,BOS,DAL,2,5,7,FALSE,TD Garden
2024020110,2024-10-24,TOR,STL,1,5,6,FALSE,Scotiabank Arena
2024020111,2024-10-24,DET,NJD,5,3,8,FALSE,Little Caesars Arena
2024020112,2024-10-24,TBL,MIN,2,4,6,FALSE,Amalie Arena
2024020113,2024-10-24,NYR,FLA,1,3,4,FALSE,Madison Square Garden
2024020114,2024-10-24,CGY,CAR,2,4,6,FALSE,Scotiabank Saddledome
2024020115,2024-10-24,UTA,COL,1,5,6,FALSE,Delta Center
2024020116,2024-10-24,SEA,WPG,3,4,7,TRUE,Climate Pledge Arena
2024020117,2024-10-24,LAK,SJS,3,2,5,FALSE,Crypto.com Arena
2024020118,2024-10-25,VGK,OTT,6,4,10,FALSE,T-Mobile Arena
2024020119,2024-10-25,NJD,NYI,3,4,7,TRUE,Prudential Center
2024020120,2024-10-25,CHI,NSH,2,3,5,FALSE,United Center
2024020121,2024-10-25,EDM,PIT,4,0,4,FALSE,Rogers Place
2024020122,2024-10-26,BUF,DET,5,3,8,FALSE,KeyBank Center
2024020123,2024-10-26,PHI,MIN,7,5,12,FALSE,Wells Fargo Center
2024020124,2024-10-26,LAK,UTA,3,2,5,FALSE,Crypto.com Arena
2024020125,2024-10-26,BOS,TOR,4,3,7,TRUE,TD Garden
2024020126,2024-10-26,MTL,STL,5,2,7,FALSE,Centre Bell
2024020127,2024-10-26,TBL,WSH,3,0,3,FALSE,Amalie Arena
2024020128,2024-10-26,NYR,ANA,2,1,3,FALSE,Madison Square Garden
2024020129,2024-10-26,CGY,WPG,3,5,8,FALSE,Scotiabank Saddledome
2024020130,2024-10-26,NYI,FLA,3,6,9,FALSE,UBS Arena
2024020131,2024-10-26,NSH,CBJ,4,3,7,TRUE,Bridgestone Arena
2024020132,2024-10-26,DAL,CHI,4,2,6,FALSE,American Airlines Center
2024020133,2024-10-26,VAN,PIT,4,3,7,FALSE,Rogers Arena
2024020134,2024-10-26,VGK,SJS,7,3,10,FALSE,T-Mobile Arena
2024020135,2024-10-26,SEA,CAR,1,4,5,FALSE,Climate Pledge Arena
2024020136,2024-10-27,DET,EDM,2,3,5,TRUE,Little Caesars Arena
2024020137,2024-10-27,NJD,ANA,6,2,8,FALSE,Prudential Center
2024020138,2024-10-27,PHI,MTL,3,4,7,FALSE,Wells Fargo Center
2024020139,2024-10-27,COL,OTT,5,4,9,FALSE,Ball Arena
2024020140,2024-10-28,BUF,FLA,2,5,7,FALSE,KeyBank Center
2024020142,2024-10-28,CBJ,EDM,6,1,7,FALSE,Nationwide Arena
2024020141,2024-10-28,TBL,NSH,3,2,5,TRUE,Amalie Arena
2024020143,2024-10-28,WPG,TOR,4,6,10,FALSE,Canada Life Centre
2024020144,2024-10-28,COL,CHI,2,5,7,FALSE,Ball Arena
2024020145,2024-10-28,UTA,SJS,4,5,9,TRUE,Delta Center
2024020146,2024-10-28,VAN,CAR,3,4,7,TRUE,Rogers Arena
2024020147,2024-10-28,VGK,CGY,5,0,5,FALSE,T-Mobile Arena
2024020148,2024-10-29,BOS,PHI,0,2,2,FALSE,TD Garden
2024020149,2024-10-29,MTL,SEA,2,8,10,FALSE,Centre Bell
2024020150,2024-10-29,OTT,STL,8,1,9,FALSE,Canadian Tire Centre
2024020152,2024-10-29,NYI,ANA,1,3,4,FALSE,UBS Arena
2024020153,2024-10-29,PIT,MIN,3,5,8,FALSE,PPG Paints Arena
2024020151,2024-10-29,WSH,NYR,5,3,8,FALSE,Capital One Arena
2024020154,2024-10-29,SJS,LAK,4,2,6,FALSE,SAP Center at San Jose
2024020155,2024-10-30,CBJ,NYI,2,0,2,FALSE,Nationwide Arena
2024020156,2024-10-30,DET,WPG,2,6,8,FALSE,Little Caesars Arena
2024020157,2024-10-30,COL,TBL,2,5,7,FALSE,Ball Arena
2024020158,2024-10-30,UTA,CGY,5,1,6,FALSE,Delta Center
2024020160,2024-10-30,LAK,VGK,6,3,9,FALSE,Crypto.com Arena
2024020159,2024-10-30,VAN,NJD,0,6,6,FALSE,Rogers Arena
2024020161,2024-10-31,TOR,SEA,4,1,5,FALSE,Scotiabank Arena
2024020162,2024-10-31,PHI,STL,2,1,3,FALSE,Wells Fargo Center
2024020163,2024-10-31,PIT,ANA,2,1,3,TRUE,PPG Paints Arena
2024020164,2024-10-31,WSH,MTL,6,3,9,FALSE,Capital One Arena
2024020165,2024-10-31,CAR,BOS,8,2,10,FALSE,Lenovo Center
2024020166,2024-10-31,NSH,EDM,1,5,6,FALSE,Bridgestone Arena
2024020167,2024-10-31,SJS,CHI,3,2,5,FALSE,SAP Center at San Jose
2024020168,2024-11-01,DAL,FLA,4,6,10,FALSE,Nokia Arena
2024020169,2024-11-01,BUF,NYI,3,4,7,FALSE,KeyBank Center
2024020170,2024-11-01,NYR,OTT,2,1,3,FALSE,Madison Square Garden
2024020171,2024-11-01,CBJ,WPG,2,6,8,FALSE,Nationwide Arena
2024020172,2024-11-01,MIN,TBL,5,3,8,FALSE,Xcel Energy Center
2024020173,2024-11-01,CGY,NJD,3,0,3,FALSE,Scotiabank Saddledome
2024020174,2024-11-02,FLA,DAL,4,2,6,FALSE,Nokia Arena
2024020175,2024-11-02,PHI,BOS,0,3,3,FALSE,Wells Fargo Center
2024020176,2024-11-02,LAK,CHI,3,4,7,TRUE,Crypto.com Arena
2024020177,2024-11-02,WSH,CBJ,7,2,9,FALSE,Capital One Arena
2024020178,2024-11-02,OTT,SEA,3,0,3,FALSE,Canadian Tire Centre
2024020179,2024-11-02,DET,BUF,2,1,3,FALSE,Little Caesars Arena
2024020180,2024-11-02,PIT,MTL,3,1,4,FALSE,PPG Paints Arena
2024020181,2024-11-02,STL,TOR,4,2,6,FALSE,Enterprise Center
2024020182,2024-11-02,NSH,COL,5,2,7,FALSE,Bridgestone Arena
2024020183,2024-11-02,VGK,UTA,4,3,7,TRUE,T-Mobile Arena
2024020184,2024-11-02,SJS,VAN,2,3,5,FALSE,SAP Center at San Jose
2024020185,2024-11-03,NYR,NYI,5,2,7,FALSE,Madison Square Garden
2024020186,2024-11-03,WPG,TBL,7,4,11,FALSE,Canada Life Centre
2024020187,2024-11-03,BOS,SEA,2,0,2,FALSE,TD Garden
2024020188,2024-11-03,CAR,WSH,4,2,6,FALSE,Lenovo Center
2024020189,2024-11-03,MIN,TOR,2,1,3,TRUE,Xcel Energy Center
2024020190,2024-11-03,CGY,EDM,2,4,6,FALSE,Scotiabank Saddledome
2024020191,2024-11-03,ANA,CHI,2,4,6,FALSE,Honda Center
2024020192,2024-11-04,NSH,LAK,0,3,3,FALSE,Bridgestone Arena
2024020193,2024-11-04,EDM,NJD,0,3,3,FALSE,Rogers Place
2024020194,2024-11-05,BUF,OTT,5,1,6,FALSE,KeyBank Center
2024020195,2024-11-05,TOR,BOS,4,0,4,FALSE,Scotiabank Arena
2024020196,2024-11-05,MTL,CGY,2,3,5,TRUE,Centre Bell
2024020197,2024-11-05,CAR,PHI,6,4,10,FALSE,Lenovo Center
2024020198,2024-11-05,NYI,PIT,4,3,7,TRUE,UBS Arena
2024020199,2024-11-05,STL,TBL,3,2,5,FALSE,Enterprise Center
2024020200,2024-11-05,MIN,LAK,1,5,6,FALSE,Xcel Energy Center
2024020201,2024-11-05,WPG,UTA,3,0,3,FALSE,Canada Life Centre
2024020202,2024-11-05,COL,SEA,6,3,9,FALSE,Ball Arena
2024020203,2024-11-05,ANA,VAN,1,5,6,FALSE,Honda Center
2024020204,2024-11-05,SJS,CBJ,2,1,3,TRUE,SAP Center at San Jose
2024020205,2024-11-06,WSH,NSH,3,2,5,FALSE,Capital One Arena
2024020206,2024-11-06,CHI,DET,1,4,5,FALSE,United Center
2024020207,2024-11-06,EDM,VGK,2,4,6,FALSE,Rogers Place
2024020208,2024-11-07,BOS,CGY,4,3,7,TRUE,TD Garden
2024020209,2024-11-07,OTT,NYI,2,4,6,FALSE,Canadian Tire Centre
2024020211,2024-11-07,FLA,NSH,6,2,8,FALSE,Amerant Bank Arena
2024020212,2024-11-07,NJD,MTL,5,3,8,FALSE,Prudential Center
2024020213,2024-11-07,NYR,BUF,1,6,7,FALSE,Madison Square Garden
2024020214,2024-11-07,CAR,PIT,5,1,6,FALSE,Lenovo Center
2024020210,2024-11-07,TBL,PHI,1,2,3,TRUE,Amalie Arena
2024020215,2024-11-07,STL,UTA,2,4,6,FALSE,Enterprise Center
2024020216,2024-11-07,DAL,CHI,3,1,4,FALSE,American Airlines Center
2024020217,2024-11-07,WPG,COL,1,0,1,FALSE,Canada Life Centre
2024020218,2024-11-07,LAK,VAN,2,4,6,FALSE,Crypto.com Arena
2024020219,2024-11-07,SJS,MIN,2,5,7,FALSE,SAP Center at San Jose
2024020220,2024-11-08,TOR,DET,3,1,4,FALSE,Scotiabank Arena
2024020221,2024-11-08,WSH,PIT,2,4,6,FALSE,Capital One Arena
2024020222,2024-11-08,ANA,MIN,2,5,7,FALSE,Honda Center
2024020223,2024-11-08,SEA,VGK,4,3,7,TRUE,Climate Pledge Arena
2024020224,2024-11-09,BUF,CGY,3,2,5,TRUE,KeyBank Center
2024020230,2024-11-09,WPG,DAL,4,1,5,FALSE,Canada Life Centre
2024020225,2024-11-09,FLA,PHI,4,3,7,TRUE,Amerant Bank Arena
2024020226,2024-11-09,BOS,OTT,2,3,5,TRUE,TD Garden
2024020227,2024-11-09,TOR,MTL,4,1,5,FALSE,Scotiabank Arena
2024020228,2024-11-09,DET,NYR,0,4,4,FALSE,Little Caesars Arena
2024020229,2024-11-09,STL,WSH,1,8,9,FALSE,Enterprise Center
2024020231,2024-11-09,NYI,NJD,3,4,7,TRUE,UBS Arena
2024020232,2024-11-09,NSH,UTA,4,0,4,FALSE,Bridgestone Arena
2024020233,2024-11-09,COL,CAR,6,4,10,FALSE,Ball Arena
2024020234,2024-11-09,LAK,CBJ,5,2,7,FALSE,Crypto.com Arena
2024020235,2024-11-09,VAN,EDM,3,7,10,FALSE,Rogers Arena
2024020236,2024-11-10,NJD,SJS,0,1,1,FALSE,Prudential Center
2024020237,2024-11-10,CHI,MIN,2,1,3,TRUE,United Center
2024020238,2024-11-10,ANA,CBJ,4,2,6,FALSE,Honda Center
2024020239,2024-11-11,BUF,MTL,5,7,12,FALSE,KeyBank Center
2024020240,2024-11-11,PHI,SJS,4,3,7,TRUE,Wells Fargo Center
2024020241,2024-11-11,PIT,DAL,1,7,8,FALSE,PPG Paints Arena
2024020242,2024-11-11,CGY,LAK,3,1,4,FALSE,Scotiabank Saddledome
2024020243,2024-11-11,COL,NSH,3,2,5,TRUE,Ball Arena
2024020244,2024-11-11,VGK,CAR,2,5,7,FALSE,T-Mobile Arena
2024020245,2024-11-12,TOR,OTT,0,3,3,FALSE,Scotiabank Arena
2024020247,2024-11-12,NYR,WPG,3,6,9,FALSE,Madison Square Garden
2024020246,2024-11-12,FLA,NJD,1,4,5,FALSE,Amerant Bank Arena
2024020248,2024-11-12,STL,BOS,2,3,5,FALSE,Enterprise Center
2024020249,2024-11-12,EDM,NYI,4,3,7,TRUE,Rogers Place
2024020250,2024-11-12,VAN,CGY,3,1,4,FALSE,Rogers Arena
2024020251,2024-11-12,SEA,CBJ,5,2,7,FALSE,Climate Pledge Arena
2024020252,2024-11-13,PIT,DET,2,3,5,TRUE,PPG Paints Arena
2024020253,2024-11-13,WSH,TOR,3,4,7,TRUE,Capital One Arena
2024020254,2024-11-13,UTA,CAR,4,1,5,FALSE,Delta Center
2024020255,2024-11-13,COL,LAK,4,2,6,FALSE,Ball Arena
2024020256,2024-11-13,ANA,VGK,2,3,5,FALSE,Honda Center
2024020258,2024-11-14,OTT,PHI,4,5,9,TRUE,Canadian Tire Centre
2024020259,2024-11-14,TBL,WPG,4,1,5,FALSE,Amalie Arena
2024020260,2024-11-14,FLA,NJD,2,6,8,FALSE,Amerant Bank Arena
2024020261,2024-11-14,NYR,SJS,3,2,5,FALSE,Madison Square Garden
2024020257,2024-11-14,BUF,STL,4,3,7,TRUE,KeyBank Center
2024020262,2024-11-14,DAL,BOS,7,2,9,FALSE,American Airlines Center
2024020263,2024-11-14,MIN,MTL,3,0,3,FALSE,Xcel Energy Center
2024020264,2024-11-14,EDM,NSH,3,2,5,TRUE,Rogers Place
2024020265,2024-11-14,VAN,NYI,2,5,7,FALSE,Rogers Arena
2024020266,2024-11-14,SEA,CHI,3,1,4,FALSE,Climate Pledge Arena
2024020267,2024-11-15,CBJ,PIT,6,2,8,FALSE,Nationwide Arena
2024020268,2024-11-15,COL,WSH,2,5,7,FALSE,Ball Arena
2024020269,2024-11-15,CGY,NSH,2,0,2,FALSE,Scotiabank Saddledome
2024020270,2024-11-15,UTA,VGK,2,4,6,FALSE,Delta Center
2024020271,2024-11-15,ANA,DET,6,4,10,FALSE,Honda Center
2024020272,2024-11-16,BOS,STL,2,3,5,TRUE,TD Garden
2024020273,2024-11-16,SEA,NYI,3,2,5,FALSE,Climate Pledge Arena
2024020274,2024-11-16,TOR,EDM,4,3,7,TRUE,Scotiabank Arena
2024020275,2024-11-16,MTL,CBJ,5,1,6,FALSE,Centre Bell
2024020276,2024-11-16,TBL,NJD,4,0,4,FALSE,Amalie Arena
2024020277,2024-11-16,FLA,WPG,5,0,5,FALSE,Amerant Bank Arena
2024020278,2024-11-16,PHI,BUF,5,2,7,FALSE,Wells Fargo Center
2024020279,2024-11-16,PIT,SJS,4,3,7,TRUE,PPG Paints Arena
2024020280,2024-11-16,CAR,OTT,4,0,4,FALSE,Lenovo Center
2024020281,2024-11-16,MIN,DAL,1,2,3,FALSE,Xcel Energy Center
2024020282,2024-11-16,LAK,DET,4,1,5,FALSE,Crypto.com Arena
2024020283,2024-11-16,VAN,CHI,4,1,5,FALSE,Rogers Arena
2024020284,2024-11-17,CAR,STL,4,1,5,FALSE,Lenovo Center
2024020286,2024-11-17,VGK,WSH,2,5,7,FALSE,T-Mobile Arena
2024020287,2024-11-17,SEA,NYR,0,2,2,FALSE,Climate Pledge Arena
2024020285,2024-11-17,VAN,NSH,3,5,8,FALSE,Rogers Arena
2024020288,2024-11-18,BOS,CBJ,1,5,6,FALSE,TD Garden
2024020289,2024-11-18,PHI,COL,2,3,5,FALSE,Wells Fargo Center
2024020290,2024-11-18,MTL,EDM,3,0,3,FALSE,Centre Bell
2024020291,2024-11-18,DAL,ANA,2,4,6,FALSE,American Airlines Center
2024020292,2024-11-18,UTA,WSH,2,6,8,FALSE,Delta Center
2024020293,2024-11-18,SJS,DET,5,4,9,TRUE,SAP Center at San Jose
2024020294,2024-11-19,OTT,EDM,2,5,7,FALSE,Canadian Tire Centre
2024020295,2024-11-19,PIT,TBL,2,3,5,TRUE,PPG Paints Arena
2024020296,2024-11-19,STL,MIN,2,4,6,FALSE,Enterprise Center
2024020297,2024-11-19,WPG,FLA,6,3,9,FALSE,Canada Life Centre
2024020298,2024-11-19,CHI,ANA,2,3,5,FALSE,United Center
2024020299,2024-11-19,CGY,NYI,2,1,3,TRUE,Scotiabank Saddledome
2024020300,2024-11-19,VAN,NYR,3,4,7,FALSE,Rogers Arena
2024020301,2024-11-20,TOR,VGK,3,0,3,FALSE,Scotiabank Arena
2024020302,2024-11-20,PHI,CAR,1,4,5,FALSE,Wells Fargo Center
2024020303,2024-11-20,DAL,SJS,5,2,7,FALSE,American Airlines Center
2024020304,2024-11-20,SEA,NSH,3,0,3,FALSE,Climate Pledge Arena
2024020305,2024-11-20,LAK,BUF,0,1,1,FALSE,Crypto.com Arena
2024020306,2024-11-21,BOS,UTA,1,0,1,FALSE,TD Garden
2024020307,2024-11-21,OTT,VGK,2,3,5,FALSE,Canadian Tire Centre
2024020308,2024-11-21,DET,NYI,2,1,3,FALSE,Little Caesars Arena
2024020309,2024-11-21,NJD,CAR,4,2,6,FALSE,Prudential Center
2024020310,2024-11-21,WSH,COL,1,2,3,FALSE,Capital One Arena
2024020311,2024-11-21,CBJ,TBL,7,6,13,TRUE,Nationwide Arena
2024020312,2024-11-21,STL,SJS,3,2,5,TRUE,Enterprise Center
2024020313,2024-11-21,CHI,FLA,3,1,4,FALSE,United Center
2024020314,2024-11-21,CGY,NYR,3,2,5,FALSE,Scotiabank Saddledome
2024020315,2024-11-21,EDM,MIN,3,5,8,FALSE,Rogers Place
2024020316,2024-11-22,PIT,WPG,1,4,5,FALSE,PPG Paints Arena
2024020317,2024-11-22,ANA,BUF,2,3,5,TRUE,Honda Center
2024020318,2024-11-23,PHI,CHI,3,2,5,TRUE,Wells Fargo Center
2024020319,2024-11-23,CGY,MIN,4,3,7,TRUE,Scotiabank Saddledome
2024020320,2024-11-23,LAK,SEA,2,1,3,FALSE,Crypto.com Arena
2024020321,2024-11-23,FLA,COL,4,7,11,FALSE,Amerant Bank Arena
2024020322,2024-11-23,MTL,VGK,2,6,8,FALSE,Centre Bell
2024020323,2024-11-23,OTT,VAN,3,4,7,FALSE,Canadian Tire Centre
2024020324,2024-11-23,DET,BOS,1,2,3,FALSE,Little Caesars Arena
2024020325,2024-11-23,TBL,DAL,2,4,6,FALSE,Amalie Arena
2024020326,2024-11-23,PIT,UTA,1,6,7,FALSE,PPG Paints Arena
2024020327,2024-11-23,WSH,NJD,2,3,5,FALSE,Capital One Arena
2024020328,2024-11-23,CBJ,CAR,5,4,9,TRUE,Nationwide Arena
2024020329,2024-11-23,NSH,WPG,4,1,5,FALSE,Bridgestone Arena
2024020330,2024-11-23,NYI,STL,3,1,4,FALSE,UBS Arena
2024020331,2024-11-23,SJS,BUF,2,4,6,FALSE,SAP Center at San Jose
2024020332,2024-11-23,EDM,NYR,6,2,8,FALSE,Rogers Place
2024020333,2024-11-24,TOR,UTA,3,2,5,FALSE,Scotiabank Arena
2024020334,2024-11-25,TBL,COL,8,2,10,FALSE,Amalie Arena
2024020335,2024-11-25,FLA,WSH,1,4,5,FALSE,Amerant Bank Arena
2024020336,2024-11-25,NJD,NSH,5,2,7,FALSE,Prudential Center
2024020337,2024-11-25,NYR,STL,2,5,7,FALSE,Madison Square Garden
2024020338,2024-11-25,PHI,VGK,4,5,9,TRUE,Wells Fargo Center
2024020339,2024-11-25,CAR,DAL,6,4,10,FALSE,Lenovo Center
2024020340,2024-11-25,OTT,CGY,4,3,7,FALSE,Canadian Tire Centre
2024020341,2024-11-25,NYI,DET,2,4,6,FALSE,UBS Arena
2024020342,2024-11-25,MIN,WPG,1,4,5,FALSE,Xcel Energy Center
2024020343,2024-11-25,ANA,SEA,2,3,5,FALSE,Honda Center
2024020344,2024-11-25,SJS,LAK,7,2,9,FALSE,SAP Center at San Jose
2024020345,2024-11-26,BOS,VAN,0,2,2,FALSE,TD Garden
2024020346,2024-11-26,MTL,UTA,2,3,5,TRUE,Centre Bell
2024020347,2024-11-27,BUF,MIN,0,1,1,FALSE,KeyBank Center
2024020348,2024-11-27,NJD,STL,0,3,3,FALSE,Prudential Center
2024020349,2024-11-27,CAR,NYR,4,3,7,FALSE,Lenovo Center
2024020350,2024-11-27,DET,CGY,2,1,3,TRUE,Little Caesars Arena
2024020351,2024-11-27,TBL,WSH,4,5,9,FALSE,Amalie Arena
2024020352,2024-11-27,FLA,TOR,5,1,6,FALSE,Amerant Bank Arena
2024020353,2024-11-27,NYI,BOS,3,6,9,FALSE,UBS Arena
2024020354,2024-11-27,PIT,VAN,5,4,9,FALSE,PPG Paints Arena
2024020355,2024-11-27,CBJ,MTL,3,4,7,TRUE,Nationwide Arena
2024020356,2024-11-27,NSH,PHI,2,3,5,TRUE,Bridgestone Arena
2024020357,2024-11-27,CHI,DAL,6,2,8,FALSE,United Center
2024020358,2024-11-27,COL,VGK,2,1,3,TRUE,Ball Arena
2024020359,2024-11-27,LAK,WPG,4,1,5,FALSE,Crypto.com Arena
2024020360,2024-11-27,SEA,ANA,2,5,7,FALSE,Climate Pledge Arena
2024020361,2024-11-27,SJS,OTT,3,4,7,FALSE,SAP Center at San Jose
2024020362,2024-11-29,PHI,NYR,3,1,4,FALSE,Wells Fargo Center
2024020363,2024-11-29,MIN,CHI,3,2,5,FALSE,Xcel Energy Center
2024020364,2024-11-29,BUF,VAN,3,4,7,TRUE,KeyBank Center
2024020365,2024-11-29,DET,NJD,4,5,9,FALSE,Little Caesars Arena
2024020366,2024-11-29,WSH,NYI,5,4,9,TRUE,Capital One Arena
2024020367,2024-11-29,CAR,FLA,3,6,9,FALSE,Lenovo Center
2024020368,2024-11-29,CBJ,CGY,5,2,7,FALSE,Nationwide Arena
2024020369,2024-11-29,NSH,TBL,2,3,5,TRUE,Bridgestone Arena
2024020370,2024-11-29,ANA,LAK,1,2,3,FALSE,Honda Center
2024020371,2024-11-29,SJS,SEA,8,5,13,FALSE,SAP Center at San Jose
2024020372,2024-11-29,BOS,PIT,1,2,3,FALSE,TD Garden
2024020374,2024-11-29,VGK,WPG,4,3,7,FALSE,T-Mobile Arena
2024020373,2024-11-29,DAL,COL,5,3,8,FALSE,American Airlines Center
2024020375,2024-11-29,UTA,EDM,3,4,7,TRUE,Delta Center
2024020376,2024-11-30,NYR,MTL,4,3,7,FALSE,Madison Square Garden
2024020377,2024-11-30,FLA,CAR,6,0,6,FALSE,Amerant Bank Arena
2024020378,2024-11-30,TBL,TOR,3,5,8,FALSE,Amalie Arena
2024020379,2024-11-30,NJD,WSH,5,6,11,FALSE,Prudential Center
2024020380,2024-11-30,PIT,CGY,6,2,8,FALSE,PPG Paints Arena
2024020381,2024-11-30,STL,PHI,2,3,5,TRUE,Enterprise Center
2024020382,2024-11-30,LAK,OTT,5,2,7,FALSE,Crypto.com Arena
2024020383,2024-11-30,NYI,BUF,3,0,3,FALSE,UBS Arena
2024020384,2024-11-30,MIN,NSH,3,2,5,TRUE,Xcel Energy Center
2024020385,2024-11-30,COL,EDM,1,4,5,FALSE,Ball Arena
2024020386,2024-11-30,VGK,UTA,0,6,6,FALSE,T-Mobile Arena
2024020387,2024-11-30,SEA,SJS,2,4,6,FALSE,Climate Pledge Arena
2024020388,2024-12-01,DET,VAN,4,5,9,TRUE,Little Caesars Arena
2024020389,2024-12-01,BOS,MTL,6,3,9,FALSE,TD Garden
2024020390,2024-12-01,CHI,CBJ,3,6,9,FALSE,United Center
2024020391,2024-12-01,DAL,WPG,3,1,4,FALSE,American Airlines Center
2024020392,2024-12-01,ANA,OTT,4,3,7,TRUE,Honda Center
2024020393,2024-12-02,NYR,NJD,1,5,6,FALSE,Madison Square Garden
2024020394,2024-12-02,TOR,CHI,4,1,5,FALSE,Scotiabank Arena
2024020395,2024-12-02,UTA,DAL,1,2,3,FALSE,Delta Center
2024020396,2024-12-03,BOS,DET,3,2,5,TRUE,TD Garden
2024020397,2024-12-03,BUF,COL,4,5,9,FALSE,KeyBank Center
2024020398,2024-12-03,MTL,NYI,2,1,3,TRUE,Centre Bell
2024020399,2024-12-03,PIT,FLA,5,4,9,TRUE,PPG Paints Arena
2024020400,2024-12-03,WSH,SJS,1,2,3,TRUE,Capital One Arena
2024020401,2024-12-03,CAR,SEA,2,4,6,FALSE,Lenovo Center
2024020402,2024-12-03,MIN,VAN,3,2,5,TRUE,Xcel Energy Center
2024020403,2024-12-03,WPG,STL,1,4,5,FALSE,Canada Life Centre
2024020404,2024-12-03,CGY,CBJ,3,0,3,FALSE,Scotiabank Saddledome
2024020405,2024-12-03,VGK,EDM,1,0,1,FALSE,T-Mobile Arena
2024020406,2024-12-04,TOR,NSH,3,2,5,FALSE,Scotiabank Arena
2024020407,2024-12-04,CHI,BOS,2,4,6,FALSE,United Center
2024020408,2024-12-04,ANA,VGK,1,4,5,FALSE,Honda Center
2024020409,2024-12-04,LAK,DAL,3,2,5,FALSE,Crypto.com Arena
2024020410,2024-12-05,BUF,WPG,2,3,5,TRUE,KeyBank Center
2024020411,2024-12-05,MTL,NSH,3,0,3,FALSE,Centre Bell
2024020412,2024-12-05,OTT,DET,2,1,3,FALSE,Canadian Tire Centre
2024020413,2024-12-05,TBL,SJS,8,1,9,FALSE,Amalie Arena
2024020414,2024-12-05,PHI,FLA,5,7,12,FALSE,Wells Fargo Center
2024020415,2024-12-05,CAR,COL,5,3,8,FALSE,Lenovo Center
2024020416,2024-12-05,NYI,SEA,2,5,7,FALSE,UBS Arena
2024020417,2024-12-05,CGY,STL,3,4,7,TRUE,Scotiabank Saddledome
2024020418,2024-12-05,EDM,CBJ,6,3,9,FALSE,Rogers Place
2024020419,2024-12-06,TOR,WSH,1,3,4,FALSE,Scotiabank Arena
2024020420,2024-12-06,NJD,SEA,3,2,5,FALSE,Prudential Center
2024020421,2024-12-06,NYR,PIT,4,2,6,FALSE,Madison Square Garden
2024020422,2024-12-06,VAN,CBJ,5,2,7,FALSE,Rogers Arena
2024020423,2024-12-06,VGK,DAL,3,2,5,FALSE,T-Mobile Arena
2024020424,2024-12-06,ANA,MIN,1,5,6,FALSE,Honda Center
2024020425,2024-12-07,BOS,PHI,4,3,7,TRUE,TD Garden
2024020426,2024-12-07,BUF,UTA,2,5,7,FALSE,KeyBank Center
2024020427,2024-12-07,CHI,WPG,2,4,6,FALSE,United Center
2024020428,2024-12-07,NYI,CAR,4,3,7,FALSE,UBS Arena
2024020429,2024-12-07,FLA,SJS,3,1,4,FALSE,Amerant Bank Arena
2024020430,2024-12-07,MTL,WSH,2,4,6,FALSE,Centre Bell
2024020431,2024-12-07,OTT,NSH,3,1,4,FALSE,Canadian Tire Centre
2024020432,2024-12-07,DET,COL,1,2,3,FALSE,Little Caesars Arena
2024020433,2024-12-07,PIT,TOR,5,2,7,FALSE,PPG Paints Arena
2024020434,2024-12-07,LAK,MIN,4,1,5,FALSE,Crypto.com Arena
2024020435,2024-12-07,EDM,STL,4,2,6,FALSE,Rogers Place
2024020436,2024-12-08,NYR,SEA,5,7,12,FALSE,Madison Square Garden
2024020437,2024-12-08,VAN,TBL,2,4,6,FALSE,Rogers Arena
2024020438,2024-12-08,OTT,NYI,2,4,6,FALSE,Canadian Tire Centre
2024020439,2024-12-08,WPG,CBJ,1,4,5,FALSE,Canada Life Centre
2024020440,2024-12-08,NJD,COL,0,4,4,FALSE,Prudential Center
2024020441,2024-12-08,PHI,UTA,2,4,6,FALSE,Wells Fargo Center
2024020442,2024-12-08,DAL,CGY,6,2,8,FALSE,American Airlines Center
2024020443,2024-12-09,BUF,DET,5,6,11,TRUE,KeyBank Center
2024020444,2024-12-09,NYR,CHI,1,2,3,FALSE,Madison Square Garden
2024020445,2024-12-09,MTL,ANA,3,2,5,TRUE,Centre Bell
2024020446,2024-12-10,NJD,TOR,1,2,3,TRUE,Prudential Center
2024020447,2024-12-10,PIT,COL,2,6,8,FALSE,PPG Paints Arena
2024020448,2024-12-10,CAR,SJS,3,2,5,FALSE,Lenovo Center
2024020449,2024-12-10,CBJ,PHI,3,5,8,FALSE,Nationwide Arena
2024020450,2024-12-10,NYI,LAK,1,3,4,FALSE,UBS Arena
2024020451,2024-12-10,NSH,CGY,3,4,7,FALSE,Bridgestone Arena
2024020452,2024-12-10,WPG,BOS,8,1,9,FALSE,Canada Life Centre
2024020453,2024-12-10,EDM,TBL,2,1,3,FALSE,Rogers Place
2024020454,2024-12-10,UTA,MIN,4,5,9,TRUE,Delta Center
2024020455,2024-12-10,VAN,STL,3,4,7,TRUE,Rogers Arena
2024020456,2024-12-10,SEA,FLA,1,2,3,TRUE,Climate Pledge Arena
2024020457,2024-12-11,BUF,NYR,2,3,5,FALSE,KeyBank Center
2024020458,2024-12-11,OTT,ANA,5,1,6,FALSE,Canadian Tire Centre
2024020459,2024-12-12,TOR,ANA,3,2,5,FALSE,Scotiabank Arena
2024020460,2024-12-12,MTL,PIT,2,9,11,FALSE,Centre Bell
2024020461,2024-12-12,NJD,LAK,3,1,4,FALSE,Prudential Center
2024020462,2024-12-12,PHI,DET,4,1,5,FALSE,Wells Fargo Center
2024020463,2024-12-12,CBJ,WSH,1,2,3,TRUE,Nationwide Arena
2024020464,2024-12-12,NYI,CHI,5,4,9,FALSE,UBS Arena
2024020465,2024-12-12,STL,SJS,3,4,7,FALSE,Enterprise Center
2024020466,2024-12-12,DAL,NSH,1,4,5,FALSE,American Airlines Center
2024020468,2024-12-12,WPG,VGK,2,3,5,TRUE,Canada Life Centre
2024020467,2024-12-12,MIN,EDM,1,7,8,FALSE,Xcel Energy Center
2024020469,2024-12-12,COL,UTA,1,4,5,FALSE,Ball Arena
2024020470,2024-12-12,CGY,TBL,3,8,11,FALSE,Scotiabank Saddledome
2024020471,2024-12-12,VAN,FLA,4,0,4,FALSE,Rogers Arena
2024020472,2024-12-12,SEA,BOS,5,1,6,FALSE,Climate Pledge Arena
2024020473,2024-12-13,CAR,OTT,0,3,3,FALSE,Lenovo Center
2024020474,2024-12-14,NJD,CHI,4,1,5,FALSE,Prudential Center
2024020475,2024-12-14,NYR,LAK,1,5,6,FALSE,Madison Square Garden
2024020476,2024-12-14,MIN,PHI,4,1,5,FALSE,Xcel Energy Center
2024020477,2024-12-14,EDM,VGK,6,3,9,FALSE,Rogers Place
2024020478,2024-12-14,OTT,PIT,3,2,5,TRUE,Canadian Tire Centre
2024020479,2024-12-14,DET,TOR,4,2,6,FALSE,Little Caesars Arena
2024020480,2024-12-14,WSH,BUF,4,2,6,FALSE,Capital One Arena
2024020481,2024-12-14,CBJ,ANA,3,4,7,TRUE,Nationwide Arena
2024020482,2024-12-14,WPG,MTL,4,2,6,FALSE,Canada Life Centre
2024020483,2024-12-14,DAL,STL,2,1,3,TRUE,American Airlines Center
2024020484,2024-12-14,COL,NSH,5,2,7,FALSE,Ball Arena
2024020485,2024-12-14,CGY,FLA,3,0,3,FALSE,Scotiabank Saddledome
2024020486,2024-12-14,VAN,BOS,1,5,6,FALSE,Rogers Arena
2024020487,2024-12-14,SJS,UTA,3,4,7,FALSE,SAP Center at San Jose
2024020488,2024-12-14,SEA,TBL,1,5,6,FALSE,Climate Pledge Arena
2024020489,2024-12-15,CHI,NYI,5,3,8,FALSE,United Center
2024020490,2024-12-15,TOR,BUF,5,3,8,FALSE,Scotiabank Arena
2024020491,2024-12-15,CAR,CBJ,4,1,5,FALSE,Lenovo Center
2024020492,2024-12-15,STL,NYR,3,2,5,FALSE,Enterprise Center
2024020493,2024-12-15,MIN,VGK,2,3,5,FALSE,Xcel Energy Center
2024020494,2024-12-16,DAL,WSH,3,1,4,FALSE,American Airlines Center
2024020495,2024-12-16,EDM,FLA,5,6,11,FALSE,Rogers Place
2024020496,2024-12-16,VAN,COL,3,1,4,FALSE,Rogers Arena
2024020497,2024-12-17,MTL,BUF,6,1,7,FALSE,Centre Bell
2024020498,2024-12-17,TBL,CBJ,5,3,8,FALSE,Amalie Arena
2024020499,2024-12-17,PIT,LAK,3,2,5,TRUE,PPG Paints Arena
2024020500,2024-12-17,CAR,NYI,4,0,4,FALSE,Lenovo Center
2024020501,2024-12-17,STL,NJD,1,4,5,FALSE,Enterprise Center
2024020502,2024-12-17,NSH,NYR,2,0,2,FALSE,Bridgestone Arena
2024020503,2024-12-17,CHI,WSH,3,2,5,FALSE,United Center
2024020504,2024-12-17,CGY,BOS,3,4,7,TRUE,Scotiabank Saddledome
2024020505,2024-12-17,SEA,OTT,0,3,3,FALSE,Climate Pledge Arena
2024020506,2024-12-17,SJS,WPG,3,4,7,FALSE,SAP Center at San Jose
2024020507,2024-12-18,DET,PHI,6,4,10,FALSE,Little Caesars Arena
2024020508,2024-12-18,DAL,TOR,3,5,8,FALSE,American Airlines Center
2024020509,2024-12-18,MIN,FLA,1,6,7,FALSE,Xcel Energy Center
2024020510,2024-12-18,UTA,VAN,3,2,5,TRUE,Delta Center
2024020511,2024-12-18,ANA,WPG,3,2,5,FALSE,Honda Center
2024020512,2024-12-19,TBL,STL,3,1,4,FALSE,Amalie Arena
2024020514,2024-12-19,CBJ,NJD,4,2,6,FALSE,Nationwide Arena
2024020513,2024-12-19,PHI,LAK,3,7,10,FALSE,Wells Fargo Center
2024020515,2024-12-19,NSH,PIT,4,5,9,TRUE,Bridgestone Arena
2024020516,2024-12-19,CHI,SEA,3,1,4,FALSE,United Center
2024020517,2024-12-19,CGY,OTT,2,3,5,TRUE,Scotiabank Saddledome
2024020518,2024-12-19,EDM,BOS,3,2,5,TRUE,Rogers Place
2024020519,2024-12-19,VGK,VAN,3,1,4,FALSE,T-Mobile Arena
2024020520,2024-12-19,SJS,COL,2,4,6,FALSE,SAP Center at San Jose
2024020521,2024-12-20,BUF,TOR,3,6,9,FALSE,KeyBank Center
2024020522,2024-12-20,DET,MTL,3,4,7,FALSE,Little Caesars Arena
2024020523,2024-12-20,FLA,STL,2,1,3,TRUE,Amerant Bank Arena
2024020524,2024-12-20,WSH,CAR,3,1,4,FALSE,Capital One Arena
2024020525,2024-12-20,DAL,NYR,1,3,4,FALSE,American Airlines Center
2024020526,2024-12-20,MIN,UTA,1,2,3,FALSE,Xcel Energy Center
2024020527,2024-12-20,ANA,COL,2,4,6,FALSE,Honda Center
2024020528,2024-12-21,NSH,LAK,3,2,5,TRUE,Bridgestone Arena
2024020529,2024-12-21,CGY,CHI,6,4,10,FALSE,Scotiabank Saddledome
2024020530,2024-12-21,EDM,SJS,3,2,5,TRUE,Rogers Place
2024020531,2024-12-21,BOS,BUF,3,1,4,FALSE,TD Garden
2024020532,2024-12-21,TOR,NYI,3,6,9,FALSE,Scotiabank Arena
2024020533,2024-12-21,MTL,DET,5,1,6,FALSE,Centre Bell
2024020534,2024-12-21,NJD,PIT,3,0,3,FALSE,Prudential Center
2024020535,2024-12-21,PHI,CBJ,5,4,9,TRUE,Wells Fargo Center
2024020536,2024-12-21,WPG,MIN,5,0,5,FALSE,Canada Life Centre
2024020537,2024-12-21,VAN,OTT,4,5,9,TRUE,Rogers Arena
2024020538,2024-12-21,VGK,SEA,6,2,8,FALSE,T-Mobile Arena
2024020539,2024-12-22,NYR,CAR,1,3,4,FALSE,Madison Square Garden
2024020540,2024-12-22,TBL,FLA,2,4,6,FALSE,Amalie Arena
2024020541,2024-12-22,WSH,LAK,3,1,4,FALSE,Capital One Arena
2024020542,2024-12-22,UTA,ANA,4,5,9,TRUE,Delta Center
2024020543,2024-12-22,COL,SEA,5,2,7,FALSE,Ball Arena
2024020544,2024-12-22,EDM,OTT,3,1,4,FALSE,Rogers Place
2024020545,2024-12-23,NJD,NYR,5,0,5,FALSE,Prudential Center
2024020546,2024-12-23,TOR,WPG,2,5,7,FALSE,Scotiabank Arena
2024020547,2024-12-23,BOS,WSH,4,1,5,FALSE,TD Garden
2024020548,2024-12-23,DET,STL,0,4,4,FALSE,Little Caesars Arena
2024020549,2024-12-23,FLA,TBL,0,4,4,FALSE,Amerant Bank Arena
2024020550,2024-12-23,PIT,PHI,7,3,10,FALSE,PPG Paints Arena
2024020551,2024-12-23,CBJ,MTL,5,4,9,FALSE,Nationwide Arena
2024020552,2024-12-23,NYI,BUF,1,7,8,FALSE,UBS Arena
2024020553,2024-12-23,NSH,CAR,5,2,7,FALSE,Bridgestone Arena
2024020554,2024-12-23,MIN,CHI,4,3,7,FALSE,Xcel Energy Center
2024020555,2024-12-23,VAN,SJS,4,3,7,FALSE,Rogers Arena
2024020556,2024-12-23,UTA,DAL,2,3,5,FALSE,Delta Center
2024020557,2024-12-23,VGK,ANA,3,1,4,FALSE,T-Mobile Arena
2024020558,2024-12-27,BUF,CHI,6,2,8,FALSE,KeyBank Center
2024020559,2024-12-27,DET,TOR,2,5,7,FALSE,Little Caesars Arena
2024020560,2024-12-27,NJD,CAR,4,2,6,FALSE,Prudential Center
2024020561,2024-12-27,CBJ,BOS,6,2,8,FALSE,Nationwide Arena
2024020562,2024-12-27,STL,NSH,7,4,11,FALSE,Enterprise Center
2024020563,2024-12-27,DAL,MIN,2,3,5,TRUE,American Airlines Center
2024020564,2024-12-27,UTA,COL,1,4,5,FALSE,Delta Center
2024020565,2024-12-27,SJS,VGK,3,6,9,FALSE,SAP Center at San Jose
2024020566,2024-12-28,FLA,MTL,0,4,4,FALSE,Amerant Bank Arena
2024020567,2024-12-28,VAN,SEA,4,5,9,TRUE,Rogers Arena
2024020568,2024-12-28,ANA,PHI,1,3,4,FALSE,Honda Center
2024020569,2024-12-28,LAK,EDM,4,3,7,TRUE,Crypto.com Arena
2024020570,2024-12-28,BOS,CBJ,4,0,4,FALSE,TD Garden
2024020571,2024-12-28,TOR,WSH,2,5,7,FALSE,Scotiabank Arena
2024020572,2024-12-28,TBL,NYR,6,2,8,FALSE,Amalie Arena
2024020573,2024-12-28,CAR,NJD,5,2,7,FALSE,Lenovo Center
2024020574,2024-12-28,WPG,OTT,4,2,6,FALSE,Canada Life Centre
2024020575,2024-12-28,NYI,PIT,6,3,9,FALSE,UBS Arena
2024020576,2024-12-28,SJS,CGY,1,3,4,FALSE,SAP Center at San Jose
2024020582,2024-12-29,STL,BUF,2,4,6,FALSE,Enterprise Center
2024020578,2024-12-29,ANA,EDM,5,3,8,FALSE,Honda Center
2024020579,2024-12-29,DET,WSH,4,2,6,FALSE,Little Caesars Arena
2024020580,2024-12-29,TBL,MTL,2,5,7,FALSE,Amalie Arena
2024020581,2024-12-29,PIT,NYI,3,2,5,FALSE,PPG Paints Arena
2024020583,2024-12-29,MIN,OTT,1,3,4,FALSE,Xcel Energy Center
2024020584,2024-12-29,VGK,CGY,3,0,3,FALSE,T-Mobile Arena
2024020577,2024-12-29,CHI,DAL,1,5,6,FALSE,United Center
2024020585,2024-12-29,LAK,PHI,5,4,9,FALSE,Crypto.com Arena
2024020586,2024-12-30,FLA,NYR,5,3,8,FALSE,Amerant Bank Arena
2024020587,2024-12-30,WPG,NSH,3,0,3,FALSE,Canada Life Centre
2024020588,2024-12-30,SEA,UTA,5,2,7,FALSE,Climate Pledge Arena
2024020589,2024-12-31,WSH,BOS,3,1,4,FALSE,Capital One Arena
2024020590,2024-12-31,TOR,NYI,3,1,4,FALSE,Scotiabank Arena
2024020591,2024-12-31,VGK,MTL,2,3,5,FALSE,T-Mobile Arena
2024020592,2024-12-31,CHI,STL,2,6,8,FALSE,Wrigley Field
2024020593,2024-12-31,DET,PIT,4,2,6,FALSE,Little Caesars Arena
2024020594,2024-12-31,CBJ,CAR,4,3,7,TRUE,Nationwide Arena
2024020595,2024-12-31,DAL,BUF,4,2,6,FALSE,American Airlines Center
2024020596,2024-12-31,MIN,NSH,5,3,8,FALSE,Xcel Energy Center
2024020597,2024-12-31,COL,WPG,5,2,7,FALSE,Ball Arena
2024020598,2024-12-31,ANA,NJD,3,2,5,FALSE,Honda Center
2024020599,2024-12-31,SJS,PHI,0,4,4,FALSE,SAP Center at San Jose
2024020600,2024-12-31,CGY,VAN,3,1,4,FALSE,Scotiabank Saddledome
2024020601,2024-12-31,EDM,UTA,4,1,5,FALSE,Rogers Place
2024020602,2025-01-01,LAK,NJD,3,0,3,FALSE,Crypto.com Arena
2024020603,2025-01-02,FLA,CAR,1,3,4,FALSE,Amerant Bank Arena
2024020604,2025-01-02,NYR,BOS,2,1,3,FALSE,Madison Square Garden
2024020605,2025-01-02,WSH,MIN,3,4,7,TRUE,Capital One Arena
2024020606,2025-01-02,CBJ,DET,4,5,9,FALSE,Nationwide Arena
2024020607,2025-01-02,NYI,TOR,1,2,3,FALSE,UBS Arena
2024020608,2025-01-02,DAL,OTT,4,2,6,FALSE,American Airlines Center
2024020609,2025-01-02,WPG,ANA,3,4,7,TRUE,Canada Life Centre
2024020610,2025-01-02,COL,BUF,6,5,11,TRUE,Ball Arena
2024020611,2025-01-02,CGY,UTA,3,5,8,FALSE,Scotiabank Saddledome
2024020612,2025-01-02,VGK,PHI,5,2,7,FALSE,T-Mobile Arena
2024020613,2025-01-02,SEA,VAN,3,4,7,TRUE,Climate Pledge Arena
2024020614,2025-01-02,SJS,TBL,2,1,3,FALSE,SAP Center at San Jose
2024020615,2025-01-03,FLA,PIT,3,2,5,TRUE,Amerant Bank Arena
2024020616,2025-01-03,CHI,MTL,4,2,6,FALSE,United Center
2024020617,2025-01-03,STL,OTT,4,0,4,FALSE,Enterprise Center
2024020618,2025-01-03,EDM,ANA,3,2,5,FALSE,Rogers Place
2024020619,2025-01-03,VAN,NSH,0,3,3,FALSE,Rogers Arena
2024020620,2025-01-04,WSH,NYR,7,4,11,FALSE,Capital One Arena
2024020622,2025-01-04,SJS,NJD,3,2,5,FALSE,SAP Center at San Jose
2024020621,2025-01-04,WPG,DET,2,4,6,FALSE,Canada Life Centre
2024020623,2025-01-04,TOR,BOS,6,4,10,FALSE,Scotiabank Arena
2024020624,2025-01-04,CAR,MIN,0,4,4,FALSE,Lenovo Center
2024020625,2025-01-04,CBJ,STL,6,4,10,FALSE,Nationwide Arena
2024020626,2025-01-04,COL,MTL,1,2,3,TRUE,Ball Arena
2024020628,2025-01-04,DAL,UTA,3,2,5,TRUE,American Airlines Center
2024020629,2025-01-04,LAK,TBL,2,1,3,FALSE,Crypto.com Arena
2024020627,2025-01-04,CGY,NSH,1,4,5,FALSE,Scotiabank Saddledome
2024020630,2025-01-04,VGK,BUF,3,1,4,FALSE,T-Mobile Arena
2024020631,2025-01-04,SEA,EDM,2,4,6,FALSE,Climate Pledge Arena
2024020632,2025-01-05,CHI,NYR,2,6,8,FALSE,United Center
2024020633,2025-01-05,BOS,NYI,4,5,9,TRUE,TD Garden
2024020634,2025-01-05,CAR,PIT,4,3,7,TRUE,Lenovo Center
2024020635,2025-01-05,TOR,PHI,3,2,5,TRUE,Scotiabank Arena
2024020636,2025-01-05,ANA,TBL,4,1,5,FALSE,Honda Center
2024020637,2025-01-06,BUF,WSH,4,3,7,TRUE,KeyBank Center
2024020638,2025-01-06,MTL,VAN,5,4,9,TRUE,Centre Bell
2024020639,2025-01-06,COL,FLA,3,1,4,FALSE,Ball Arena
2024020640,2025-01-06,SEA,NJD,2,3,5,FALSE,Climate Pledge Arena
2024020029,2025-01-07,TBL,CAR,3,2,5,FALSE,Amalie Arena
2024020641,2025-01-07,BOS,EDM,0,4,4,FALSE,TD Garden
2024020642,2025-01-07,DET,OTT,3,2,5,TRUE,Little Caesars Arena
2024020643,2025-01-07,NYR,DAL,4,5,9,TRUE,Madison Square Garden
2024020645,2025-01-07,PIT,CBJ,3,4,7,TRUE,PPG Paints Arena
2024020644,2025-01-07,PHI,TOR,2,3,5,FALSE,Wells Fargo Center
2024020646,2025-01-07,MIN,STL,6,4,10,FALSE,Xcel Energy Center
2024020647,2025-01-07,WPG,NSH,5,2,7,FALSE,Canada Life Centre
2024020648,2025-01-07,ANA,CGY,2,3,5,TRUE,Honda Center
2024020649,2025-01-07,SJS,VGK,2,4,6,FALSE,SAP Center at San Jose
2024020650,2025-01-08,WSH,VAN,2,1,3,TRUE,Capital One Arena
2024020651,2025-01-08,CHI,COL,3,1,4,FALSE,United Center
2024020652,2025-01-08,UTA,FLA,1,4,5,FALSE,Delta Center
2024020654,2025-01-09,OTT,BUF,0,4,4,FALSE,Canadian Tire Centre
2024020655,2025-01-09,TBL,BOS,4,1,5,FALSE,Amalie Arena
2024020656,2025-01-09,NYR,NJD,3,2,5,TRUE,Madison Square Garden
2024020657,2025-01-09,PHI,DAL,1,4,5,FALSE,Wells Fargo Center
2024020658,2025-01-09,PIT,EDM,5,3,8,FALSE,PPG Paints Arena
2024020660,2025-01-09,CBJ,SEA,6,2,8,FALSE,Nationwide Arena
2024020659,2025-01-09,CAR,TOR,6,3,9,FALSE,Lenovo Center
2024020661,2025-01-09,STL,ANA,6,2,8,FALSE,Enterprise Center
2024020662,2025-01-09,MIN,COL,1,6,7,FALSE,Xcel Energy Center
2024020663,2025-01-09,VGK,NYI,0,4,4,FALSE,T-Mobile Arena
2024020664,2025-01-10,DET,CHI,5,3,8,FALSE,Little Caesars Arena
2024020665,2025-01-10,WSH,MTL,2,3,5,TRUE,Capital One Arena
2024020666,2025-01-10,CAR,VAN,2,0,2,FALSE,Lenovo Center
2024020667,2025-01-10,WPG,LAK,1,2,3,TRUE,Canada Life Centre
2024020668,2025-01-10,UTA,SJS,2,1,3,FALSE,Delta Center
2024020669,2025-01-11,FLA,BOS,3,4,7,TRUE,Amerant Bank Arena
2024020670,2025-01-11,BUF,SEA,2,6,8,FALSE,KeyBank Center
2024020671,2025-01-11,PIT,OTT,0,5,5,FALSE,PPG Paints Arena
2024020672,2025-01-11,TOR,VAN,0,3,3,FALSE,Scotiabank Arena
2024020673,2025-01-11,MTL,DAL,1,2,3,TRUE,Centre Bell
2024020674,2025-01-11,NJD,TBL,3,2,5,TRUE,Prudential Center
2024020675,2025-01-11,PHI,ANA,6,0,6,FALSE,Wells Fargo Center
2024020676,2025-01-11,CHI,EDM,3,4,7,FALSE,United Center
2024020677,2025-01-11,STL,CBJ,1,2,3,FALSE,Enterprise Center
2024020678,2025-01-11,WPG,COL,3,0,3,FALSE,Canada Life Centre
2024020679,2025-01-11,NSH,WSH,1,4,5,FALSE,Bridgestone Arena
2024020680,2025-01-11,UTA,NYI,1,2,3,FALSE,Delta Center
2024020681,2025-01-11,CGY,LAK,2,1,3,FALSE,Scotiabank Saddledome
2024020682,2025-01-11,VGK,NYR,1,2,3,FALSE,T-Mobile Arena
2024020683,2025-01-11,SJS,MIN,1,3,4,FALSE,SAP Center at San Jose
2024020684,2025-01-12,DET,SEA,6,2,8,FALSE,Little Caesars Arena
2024020685,2025-01-12,OTT,DAL,3,2,5,FALSE,Canadian Tire Centre
2024020686,2025-01-12,PIT,TBL,2,5,7,FALSE,PPG Paints Arena
2024020687,2025-01-12,CAR,ANA,2,3,5,TRUE,Lenovo Center
2024020688,2025-01-12,VGK,MIN,4,1,5,FALSE,T-Mobile Arena
2024020689,2025-01-13,PHI,FLA,4,3,7,FALSE,Wells Fargo Center
2024020690,2025-01-13,CHI,CGY,2,5,7,FALSE,United Center
2024020691,2025-01-13,EDM,LAK,1,0,1,FALSE,Rogers Place
2024020692,2025-01-14,BOS,TBL,6,2,8,FALSE,TD Garden
2024020693,2025-01-14,TOR,DAL,1,4,5,FALSE,Scotiabank Arena
2024020694,2025-01-14,DET,SJS,3,6,9,FALSE,Little Caesars Arena
2024020696,2025-01-14,PIT,SEA,2,4,6,FALSE,PPG Paints Arena
2024020697,2025-01-14,WSH,ANA,3,0,3,FALSE,Capital One Arena
2024020698,2025-01-14,CBJ,PHI,3,2,5,TRUE,Nationwide Arena
2024020695,2025-01-14,NJD,FLA,1,2,3,TRUE,Prudential Center
2024020699,2025-01-14,NYI,OTT,0,2,2,FALSE,UBS Arena
2024020700,2025-01-14,STL,CGY,2,1,3,FALSE,Enterprise Center
2024020701,2025-01-14,NSH,VGK,5,3,8,FALSE,Bridgestone Arena
2024020702,2025-01-14,WPG,VAN,6,1,7,FALSE,Canada Life Centre
2024020703,2025-01-14,COL,NYR,3,2,5,TRUE,Ball Arena
2024020704,2025-01-14,UTA,MTL,3,5,8,FALSE,Delta Center
2024020705,2025-01-15,BUF,CAR,4,2,6,FALSE,KeyBank Center
2024020706,2025-01-15,MIN,EDM,3,5,8,FALSE,Xcel Energy Center
2024020707,2025-01-16,TOR,NJD,4,3,7,TRUE,Scotiabank Arena
2024020708,2025-01-16,OTT,WSH,0,1,1,TRUE,Canadian Tire Centre
2024020709,2025-01-16,TBL,ANA,4,3,7,TRUE,Amalie Arena
2024020710,2025-01-16,FLA,DET,2,5,7,FALSE,Amerant Bank Arena
2024020711,2025-01-16,CBJ,SJS,4,1,5,FALSE,Nationwide Arena
2024020712,2025-01-16,NYI,PHI,3,5,8,FALSE,UBS Arena
2024020713,2025-01-16,STL,CGY,4,1,5,FALSE,Enterprise Center
2024020714,2025-01-16,NSH,CHI,3,2,5,TRUE,Bridgestone Arena
2024020715,2025-01-16,DAL,MTL,1,3,4,FALSE,American Airlines Center
2024020716,2025-01-16,WPG,SEA,2,1,3,FALSE,Canada Life Centre
2024020717,2025-01-16,UTA,NYR,3,5,8,FALSE,Delta Center
2024020718,2025-01-16,COL,EDM,3,4,7,FALSE,Ball Arena
2024020719,2025-01-16,VAN,LAK,1,5,6,FALSE,Rogers Arena
2024020720,2025-01-17,BUF,PIT,2,5,7,FALSE,KeyBank Center
2024020721,2025-01-17,CAR,VGK,3,2,5,FALSE,Lenovo Center
2024020722,2025-01-18,NJD,PHI,1,3,4,FALSE,Prudential Center
2024020723,2025-01-18,OTT,BOS,6,5,11,TRUE,Canadian Tire Centre
2024020724,2025-01-18,COL,DAL,6,3,9,FALSE,Ball Arena
2024020725,2025-01-18,FLA,ANA,3,0,3,FALSE,Amerant Bank Arena
2024020726,2025-01-18,MTL,TOR,3,7,10,FALSE,Centre Bell
2024020727,2025-01-18,TBL,DET,5,1,6,FALSE,Amalie Arena
2024020728,2025-01-18,NYR,CBJ,1,0,1,TRUE,Madison Square Garden
2024020729,2025-01-18,WSH,PIT,4,1,5,FALSE,Capital One Arena
2024020730,2025-01-18,WPG,CGY,1,3,4,FALSE,Canada Life Centre
2024020731,2025-01-18,NYI,SJS,4,1,5,FALSE,UBS Arena
2024020732,2025-01-18,CHI,VGK,5,3,8,FALSE,United Center
2024020733,2025-01-18,NSH,MIN,6,2,8,FALSE,Bridgestone Arena
2024020734,2025-01-18,UTA,STL,4,2,6,FALSE,Delta Center
2024020735,2025-01-18,VAN,EDM,3,2,5,FALSE,Rogers Arena
2024020736,2025-01-18,SEA,LAK,4,2,6,FALSE,Climate Pledge Arena
2024020737,2025-01-19,NJD,OTT,1,2,3,FALSE,Prudential Center
2024020738,2025-01-19,MTL,NYR,5,4,9,TRUE,Centre Bell
2024020739,2025-01-19,DAL,DET,4,1,5,FALSE,American Airlines Center
2024020740,2025-01-20,BOS,SJS,6,3,9,FALSE,TD Garden
2024020741,2025-01-20,COL,MIN,1,3,4,FALSE,Ball Arena
2024020742,2025-01-20,SEA,BUF,6,4,10,FALSE,Climate Pledge Arena
2024020743,2025-01-20,VGK,STL,4,5,9,TRUE,T-Mobile Arena
2024020744,2025-01-20,TOR,TBL,5,3,8,FALSE,Scotiabank Arena
2024020745,2025-01-20,NYI,CBJ,3,1,4,FALSE,UBS Arena
2024020746,2025-01-20,CHI,CAR,3,4,7,TRUE,United Center
2024020747,2025-01-20,UTA,WPG,5,2,7,FALSE,Delta Center
2024020748,2025-01-20,LAK,PIT,1,5,6,FALSE,Crypto.com Arena
2024020749,2025-01-21,MTL,TBL,3,2,5,FALSE,Centre Bell
2024020750,2025-01-21,NYR,OTT,5,0,5,FALSE,Madison Square Garden
2024020751,2025-01-21,PHI,DET,2,1,3,TRUE,Wells Fargo Center
2024020752,2025-01-21,NSH,SJS,7,5,12,FALSE,Bridgestone Arena
2024020753,2025-01-21,DAL,CAR,1,2,3,FALSE,American Airlines Center
2024020754,2025-01-21,EDM,WSH,2,3,5,FALSE,Rogers Place
2024020755,2025-01-21,VAN,BUF,2,3,5,FALSE,Rogers Arena
2024020756,2025-01-21,ANA,FLA,2,5,7,FALSE,Honda Center
2024020758,2025-01-22,NJD,BOS,5,1,6,FALSE,Prudential Center
2024020757,2025-01-22,TOR,CBJ,1,5,6,FALSE,Scotiabank Arena
2024020759,2025-01-22,COL,WPG,2,3,5,TRUE,Ball Arena
2024020760,2025-01-22,LAK,FLA,2,1,3,FALSE,Crypto.com Arena
2024020761,2025-01-23,BOS,OTT,2,0,2,FALSE,TD Garden
2024020762,2025-01-23,DET,MTL,4,2,6,FALSE,Little Caesars Arena
2024020763,2025-01-23,NYR,PHI,6,1,7,FALSE,Madison Square Garden
2024020764,2025-01-23,CAR,CBJ,7,4,11,FALSE,Lenovo Center
2024020765,2025-01-23,STL,VGK,2,4,6,FALSE,Enterprise Center
2024020766,2025-01-23,MIN,UTA,0,4,4,FALSE,Xcel Energy Center
2024020767,2025-01-23,CGY,BUF,5,2,7,FALSE,Scotiabank Saddledome
2024020768,2025-01-23,EDM,VAN,6,2,8,FALSE,Rogers Place
2024020769,2025-01-23,ANA,PIT,5,1,6,FALSE,Honda Center
2024020770,2025-01-23,SEA,WSH,0,3,3,FALSE,Climate Pledge Arena
2024020771,2025-01-23,SJS,NSH,5,6,11,FALSE,SAP Center at San Jose
2024020772,2025-01-24,NYI,PHI,3,1,4,FALSE,UBS Arena
2024020774,2025-01-24,DAL,VGK,4,3,7,FALSE,American Airlines Center
2024020773,2025-01-24,CHI,TBL,3,4,7,TRUE,United Center
2024020775,2025-01-24,WPG,UTA,5,2,7,FALSE,Canada Life Centre
2024020776,2025-01-25,BOS,COL,3,1,4,FALSE,TD Garden
2024020777,2025-01-25,EDM,BUF,3,2,5,FALSE,Rogers Place
2024020778,2025-01-25,SEA,PIT,4,1,5,FALSE,Climate Pledge Arena
2024020779,2025-01-25,MTL,NJD,3,4,7,TRUE,Centre Bell
2024020780,2025-01-25,OTT,TOR,2,1,3,FALSE,Canadian Tire Centre
2024020781,2025-01-25,DET,TBL,2,0,2,FALSE,Little Caesars Arena
2024020782,2025-01-25,CBJ,LAK,3,2,5,TRUE,Nationwide Arena
2024020783,2025-01-25,STL,DAL,0,2,2,FALSE,Enterprise Center
2024020784,2025-01-25,MIN,CGY,4,5,9,FALSE,Xcel Energy Center
2024020785,2025-01-25,NYI,CAR,3,2,5,TRUE,UBS Arena
2024020786,2025-01-25,VAN,WSH,2,1,3,FALSE,Rogers Arena
2024020787,2025-01-25,ANA,NSH,5,2,7,FALSE,Honda Center
2024020788,2025-01-25,SJS,FLA,2,7,9,FALSE,SAP Center at San Jose
2024020789,2025-01-26,NYR,COL,4,5,9,FALSE,Madison Square Garden
2024020790,2025-01-26,OTT,UTA,3,1,4,FALSE,Canadian Tire Centre
2024020791,2025-01-26,WPG,CGY,5,2,7,FALSE,Canada Life Centre
2024020792,2025-01-26,CHI,MIN,2,4,6,FALSE,United Center
2024020793,2025-01-26,VGK,FLA,4,1,5,FALSE,T-Mobile Arena
2024020794,2025-01-27,DET,LAK,5,2,7,FALSE,Little Caesars Arena
2024020795,2025-01-27,PHI,NJD,4,2,6,FALSE,Wells Fargo Center
2024020796,2025-01-27,STL,VAN,2,5,7,FALSE,Enterprise Center
2024020797,2025-01-27,EDM,SEA,4,2,6,FALSE,Rogers Place
2024020798,2025-01-27,SJS,PIT,2,1,3,FALSE,SAP Center at San Jose
2024020799,2025-01-28,BUF,BOS,7,2,9,FALSE,KeyBank Center
2024020800,2025-01-28,MTL,WPG,1,4,5,FALSE,Centre Bell
2024020801,2025-01-28,TBL,CHI,1,4,5,FALSE,Amalie Arena
2024020802,2025-01-28,NYR,CAR,0,4,4,FALSE,Madison Square Garden
2024020803,2025-01-28,NYI,COL,5,2,7,FALSE,UBS Arena
2024020804,2025-01-28,CGY,WSH,1,3,4,FALSE,Scotiabank Saddledome
2024020805,2025-01-28,VGK,DAL,3,4,7,TRUE,T-Mobile Arena
2024020806,2025-01-28,SEA,ANA,4,6,10,FALSE,Climate Pledge Arena
2024020807,2025-01-29,TOR,MIN,1,3,4,FALSE,Scotiabank Arena
2024020808,2025-01-29,FLA,LAK,3,0,3,FALSE,Amerant Bank Arena
2024020809,2025-01-29,NJD,PHI,5,0,5,FALSE,Prudential Center
2024020810,2025-01-29,NSH,VAN,1,3,4,FALSE,Bridgestone Arena
2024020811,2025-01-29,UTA,PIT,2,3,5,TRUE,Delta Center
2024020812,2025-01-30,BOS,WPG,2,6,8,FALSE,TD Garden
2024020813,2025-01-30,MTL,MIN,0,4,4,FALSE,Centre Bell
2024020814,2025-01-30,OTT,WSH,5,4,9,TRUE,Canadian Tire Centre
2024020815,2025-01-30,TBL,LAK,3,0,3,FALSE,Amalie Arena
2024020817,2025-01-30,CAR,CHI,3,2,5,FALSE,Lenovo Center
2024020816,2025-01-30,PHI,NYI,0,3,3,FALSE,Wells Fargo Center
2024020818,2025-01-30,CGY,ANA,4,1,5,FALSE,Scotiabank Saddledome
2024020819,2025-01-30,EDM,DET,2,3,5,TRUE,Rogers Place
2024020820,2025-01-30,VGK,CBJ,1,2,3,TRUE,T-Mobile Arena
2024020821,2025-01-30,SEA,SJS,6,2,8,FALSE,Climate Pledge Arena
2024020822,2025-01-31,BUF,NSH,4,3,7,FALSE,KeyBank Center
2024020823,2025-01-31,DAL,VAN,5,3,8,FALSE,American Airlines Center
2024020824,2025-01-31,COL,STL,5,0,5,FALSE,Ball Arena
2024020825,2025-01-31,UTA,CBJ,2,3,5,TRUE,Delta Center
2024020826,2025-02-01,FLA,CHI,5,1,6,FALSE,Amerant Bank Arena
2024020827,2025-02-01,BOS,NYR,6,3,9,FALSE,TD Garden
2024020828,2025-02-01,OTT,MIN,6,0,6,FALSE,Canadian Tire Centre
2024020829,2025-02-01,TBL,NYI,2,3,5,TRUE,Amalie Arena
2024020830,2025-02-01,PIT,NSH,3,0,3,FALSE,PPG Paints Arena
2024020831,2025-02-01,WSH,WPG,4,5,9,TRUE,Capital One Arena
2024020832,2025-02-01,CAR,LAK,2,4,6,FALSE,Lenovo Center
2024020833,2025-02-01,EDM,TOR,3,4,7,FALSE,Rogers Place
2024020834,2025-02-01,CGY,DET,1,3,4,FALSE,Scotiabank Saddledome
2024020835,2025-02-02,BUF,NJD,4,3,7,FALSE,KeyBank Center
2024020836,2025-02-02,COL,PHI,2,0,2,FALSE,Ball Arena
2024020837,2025-02-02,ANA,MTL,3,2,5,FALSE,Honda Center
2024020838,2025-02-02,FLA,NYI,6,3,9,FALSE,Amerant Bank Arena
2024020839,2025-02-02,NYR,VGK,4,2,6,FALSE,Madison Square Garden
2024020840,2025-02-02,DAL,CBJ,5,3,8,FALSE,American Airlines Center
2024020841,2025-02-02,UTA,STL,1,2,3,FALSE,Delta Center
2024020842,2025-02-02,VAN,DET,2,3,5,TRUE,Rogers Arena
2024020843,2025-02-02,SEA,CGY,2,3,5,FALSE,Climate Pledge Arena
2024020844,2025-02-03,NSH,OTT,2,5,7,FALSE,Bridgestone Arena
2024020845,2025-02-04,BOS,MIN,3,0,3,FALSE,TD Garden
2024020846,2025-02-04,BUF,CBJ,3,2,5,FALSE,KeyBank Center
2024020847,2025-02-04,TBL,OTT,4,3,7,FALSE,Amalie Arena
2024020848,2025-02-04,PIT,NJD,2,3,5,TRUE,PPG Paints Arena
2024020849,2025-02-04,WSH,FLA,6,3,9,FALSE,Capital One Arena
2024020850,2025-02-04,NYI,VGK,2,1,3,FALSE,UBS Arena
2024020851,2025-02-04,STL,EDM,2,3,5,TRUE,Enterprise Center
2024020852,2025-02-04,WPG,CAR,3,0,3,FALSE,Canada Life Centre
2024020853,2025-02-04,CGY,TOR,3,6,9,FALSE,Scotiabank Saddledome
2024020854,2025-02-04,UTA,PHI,3,2,5,TRUE,Delta Center
2024020855,2025-02-04,VAN,COL,3,0,3,FALSE,Rogers Arena
2024020857,2025-02-04,SEA,DET,4,5,9,TRUE,Climate Pledge Arena
2024020856,2025-02-04,ANA,DAL,2,1,3,FALSE,Honda Center
2024020858,2025-02-04,SJS,MTL,3,4,7,FALSE,SAP Center at San Jose
2024020859,2025-02-05,NYR,BOS,3,2,5,FALSE,Madison Square Garden
2024020860,2025-02-05,CHI,EDM,3,4,7,TRUE,United Center
2024020861,2025-02-05,LAK,MTL,6,3,9,FALSE,Crypto.com Arena
2024020862,2025-02-06,TBL,OTT,5,1,6,FALSE,Amalie Arena
2024020863,2025-02-06,NJD,VGK,1,3,4,FALSE,Prudential Center
2024020864,2025-02-06,PHI,WSH,3,4,7,FALSE,Wells Fargo Center
2024020865,2025-02-06,CBJ,UTA,2,3,5,TRUE,Nationwide Arena
2024020867,2025-02-06,MIN,CAR,2,1,3,FALSE,Xcel Energy Center
2024020866,2025-02-06,STL,FLA,2,3,5,FALSE,Enterprise Center
2024020868,2025-02-06,CGY,COL,2,4,6,FALSE,Scotiabank Saddledome
2024020869,2025-02-06,SEA,TOR,1,3,4,FALSE,Climate Pledge Arena
2024020870,2025-02-06,SJS,VAN,1,2,3,TRUE,SAP Center at San Jose
2024020871,2025-02-07,NYR,PIT,2,3,5,FALSE,Madison Square Garden
2024020872,2025-02-07,WPG,NYI,4,3,7,FALSE,Canada Life Centre
2024020873,2025-02-07,CHI,NSH,6,2,8,FALSE,United Center
2024020874,2025-02-07,EDM,COL,4,5,9,FALSE,Rogers Place
2024020875,2025-02-07,LAK,DAL,5,4,9,TRUE,Crypto.com Arena
2024020876,2025-02-08,MTL,NJD,0,4,4,FALSE,Centre Bell
2024020877,2025-02-08,DET,TBL,3,6,9,FALSE,Little Caesars Arena
2024020878,2025-02-08,CAR,UTA,7,3,10,FALSE,Lenovo Center
2024020879,2025-02-08,BOS,VGK,3,4,7,FALSE,TD Garden
2024020880,2025-02-08,FLA,OTT,5,1,6,FALSE,Amerant Bank Arena
2024020881,2025-02-08,PHI,PIT,3,2,5,FALSE,Wells Fargo Center
2024020882,2025-02-08,CBJ,NYR,3,4,7,FALSE,Nationwide Arena
2024020883,2025-02-08,STL,CHI,6,5,11,TRUE,Enterprise Center
2024020884,2025-02-08,VAN,TOR,2,1,3,FALSE,Rogers Arena
2024020885,2025-02-08,NSH,BUF,6,4,10,FALSE,Bridgestone Arena
2024020886,2025-02-08,MIN,NYI,6,3,9,FALSE,Xcel Energy Center
2024020887,2025-02-08,CGY,SEA,2,3,5,TRUE,Scotiabank Saddledome
2024020889,2025-02-08,SJS,DAL,3,8,11,FALSE,SAP Center at San Jose
2024020888,2025-02-08,LAK,ANA,1,2,3,TRUE,Crypto.com Arena
2024020890,2025-02-09,WSH,UTA,4,5,9,TRUE,Capital One Arena
2024020891,2025-02-09,MTL,TBL,3,5,8,FALSE,Centre Bell
2024020894,2025-02-22,DET,MIN,3,4,7,TRUE,Little Caesars Arena
2024020892,2025-02-22,PHI,EDM,6,3,9,FALSE,Wells Fargo Center
2024020893,2025-02-22,PIT,WSH,3,8,11,FALSE,PPG Paints Arena
2024020895,2025-02-22,BUF,NYR,8,2,10,FALSE,KeyBank Center
2024020896,2025-02-22,FLA,SEA,1,2,3,FALSE,Amerant Bank Arena
2024020897,2025-02-22,NJD,DAL,2,4,6,FALSE,Prudential Center
2024020898,2025-02-22,NSH,COL,2,1,3,FALSE,Bridgestone Arena
2024020899,2025-02-22,BOS,ANA,2,3,5,TRUE,TD Garden
2024020900,2025-02-22,TOR,CAR,6,3,9,FALSE,Scotiabank Arena
2024020901,2025-02-22,OTT,MTL,2,5,7,FALSE,Canadian Tire Centre
2024020902,2025-02-22,CBJ,CHI,5,1,6,FALSE,Nationwide Arena
2024020903,2025-02-22,STL,WPG,3,4,7,TRUE,Enterprise Center
2024020904,2025-02-22,LAK,UTA,5,3,8,FALSE,Crypto.com Arena
2024020905,2025-02-22,VGK,VAN,3,1,4,FALSE,T-Mobile Arena
2024020906,2025-02-23,WSH,EDM,7,3,10,FALSE,Capital One Arena
2024020907,2025-02-23,PIT,NYR,3,5,8,FALSE,PPG Paints Arena
2024020908,2025-02-23,DET,ANA,5,4,9,TRUE,Little Caesars Arena
2024020909,2025-02-23,TBL,SEA,4,1,5,FALSE,Amalie Arena
2024020910,2025-02-23,STL,COL,3,1,4,FALSE,Enterprise Center
2024020911,2025-02-23,NSH,NJD,0,5,5,FALSE,Bridgestone Arena
2024020912,2025-02-23,CHI,TOR,2,5,7,FALSE,United Center
2024020913,2025-02-23,NYI,DAL,3,4,7,FALSE,UBS Arena
2024020914,2025-02-23,CGY,SJS,3,2,5,FALSE,Scotiabank Saddledome
2024020915,2025-02-23,UTA,VAN,2,1,3,FALSE,Delta Center
2024020916,2025-02-24,WPG,SJS,2,1,3,TRUE,Canada Life Centre
2024020917,2025-02-24,LAK,VGK,5,2,7,FALSE,Crypto.com Arena
2024020918,2025-02-25,BOS,TOR,4,5,9,TRUE,TD Garden
2024020919,2025-02-25,BUF,ANA,3,2,5,FALSE,KeyBank Center
2024020920,2025-02-25,MTL,CAR,4,0,4,FALSE,Centre Bell
2024020922,2025-02-25,PHI,PIT,6,1,7,FALSE,Wells Fargo Center
2024020923,2025-02-25,WSH,CGY,1,3,4,FALSE,Capital One Arena
2024020924,2025-02-25,CBJ,DAL,6,4,10,FALSE,Nationwide Arena
2024020921,2025-02-25,TBL,EDM,4,1,5,FALSE,Amalie Arena
2024020925,2025-02-25,NYI,NYR,1,5,6,FALSE,UBS Arena
2024020926,2025-02-25,STL,SEA,7,2,9,FALSE,Enterprise Center
2024020927,2025-02-25,NSH,FLA,1,4,5,FALSE,Bridgestone Arena
2024020928,2025-02-25,MIN,DET,2,3,5,FALSE,Xcel Energy Center
2024020929,2025-02-25,UTA,CHI,2,1,3,FALSE,Delta Center
2024020930,2025-02-26,OTT,WPG,1,4,5,FALSE,Canadian Tire Centre
2024020931,2025-02-26,COL,NJD,5,1,6,FALSE,Ball Arena
2024020932,2025-02-26,LAK,VAN,2,3,5,TRUE,Crypto.com Arena
2024020933,2025-02-27,BOS,NYI,1,2,3,FALSE,TD Garden
2024020934,2025-02-27,MTL,SJS,4,3,7,TRUE,Centre Bell
2024020935,2025-02-27,DET,CBJ,2,5,7,FALSE,Little Caesars Arena
2024020936,2025-02-27,TBL,CGY,3,0,3,FALSE,Amalie Arena
2024020937,2025-02-27,FLA,EDM,4,3,7,FALSE,Amerant Bank Arena
2024020939,2025-02-27,WSH,STL,2,5,7,FALSE,Capital One Arena
2024020940,2025-02-27,CAR,BUF,5,2,7,FALSE,Lenovo Center
2024020938,2025-02-27,PIT,PHI,5,4,9,TRUE,PPG Paints Arena
2024020941,2025-02-27,NSH,WPG,2,1,3,FALSE,Bridgestone Arena
2024020942,2025-02-27,UTA,MIN,6,1,7,FALSE,Delta Center
2024020943,2025-02-27,VGK,CHI,7,5,12,FALSE,T-Mobile Arena
2024020944,2025-02-27,ANA,VAN,5,2,7,FALSE,Honda Center
2024020945,2025-02-28,NYR,TOR,2,3,5,FALSE,Madison Square Garden
2024020946,2025-02-28,DAL,LAK,6,2,8,FALSE,American Airlines Center
2024020947,2025-02-28,COL,MIN,5,2,7,FALSE,Ball Arena
2024020949,2025-03-01,NYI,NSH,7,4,11,FALSE,UBS Arena
2024020950,2025-03-01,WSH,TBL,1,3,4,FALSE,Capital One Arena
2024020951,2025-03-01,FLA,CGY,3,0,3,FALSE,Amerant Bank Arena
2024020952,2025-03-01,PIT,BOS,2,3,5,FALSE,PPG Paints Arena
2024020948,2025-03-01,CBJ,DET,5,3,8,FALSE,Ohio Stadium
2024020953,2025-03-01,BUF,MTL,2,4,6,FALSE,KeyBank Center
2024020954,2025-03-01,OTT,SJS,5,3,8,FALSE,Canadian Tire Centre
2024020955,2025-03-01,CAR,EDM,1,3,4,FALSE,Lenovo Center
2024020956,2025-03-01,WPG,PHI,1,2,3,TRUE,Canada Life Centre
2024020957,2025-03-01,STL,LAK,4,1,5,FALSE,Enterprise Center
2024020958,2025-03-01,UTA,NJD,1,3,4,FALSE,Delta Center
2024020959,2025-03-01,ANA,CHI,3,6,9,FALSE,Honda Center
2024020960,2025-03-01,SEA,VAN,6,3,9,FALSE,Climate Pledge Arena
2024020961,2025-03-02,PIT,TOR,5,6,11,TRUE,PPG Paints Arena
2024020962,2025-03-02,MIN,BOS,1,0,1,FALSE,Xcel Energy Center
2024020963,2025-03-02,CAR,CGY,2,1,3,TRUE,Lenovo Center
2024020964,2025-03-02,DAL,STL,6,3,9,FALSE,American Airlines Center
2024020965,2025-03-02,NYR,NSH,4,0,4,FALSE,Madison Square Garden
2024020966,2025-03-02,VGK,NJD,2,0,2,FALSE,T-Mobile Arena
2024020967,2025-03-03,WSH,OTT,5,4,9,TRUE,Capital One Arena
2024020968,2025-03-03,MTL,BUF,4,3,7,TRUE,Centre Bell
2024020969,2025-03-03,FLA,TBL,2,1,3,FALSE,Amerant Bank Arena
2024020970,2025-03-03,NYR,NYI,4,0,4,FALSE,Madison Square Garden
2024020971,2025-03-03,TOR,SJS,2,3,5,TRUE,Scotiabank Arena
2024020972,2025-03-03,CHI,LAK,5,1,6,FALSE,United Center
2024020973,2025-03-04,BOS,NSH,3,6,9,FALSE,TD Garden
2024020974,2025-03-04,BUF,SJS,2,6,8,FALSE,KeyBank Center
2024020975,2025-03-04,DET,CAR,1,2,3,FALSE,Little Caesars Arena
2024020976,2025-03-04,TBL,CBJ,6,2,8,FALSE,Amalie Arena
2024020977,2025-03-04,PHI,CGY,3,6,9,FALSE,Wells Fargo Center
2024020978,2025-03-04,NYI,WPG,3,2,5,FALSE,UBS Arena
2024020979,2025-03-04,DAL,NJD,4,3,7,FALSE,American Airlines Center
2024020980,2025-03-04,COL,PIT,4,1,5,FALSE,Ball Arena
2024020981,2025-03-04,EDM,ANA,2,6,8,FALSE,Rogers Place
2024020982,2025-03-04,SEA,MIN,3,4,7,FALSE,Climate Pledge Arena
2024020983,2025-03-05,NYR,WSH,2,3,5,TRUE,Madison Square Garden
2024020984,2025-03-05,CHI,OTT,3,4,7,TRUE,United Center
2024020985,2025-03-05,VGK,TOR,5,2,7,FALSE,T-Mobile Arena
2024020986,2025-03-05,VAN,ANA,3,2,5,FALSE,Rogers Arena
2024020987,2025-03-05,LAK,STL,2,3,5,TRUE,Crypto.com Arena
2024020988,2025-03-06,DET,UTA,2,4,6,FALSE,Little Caesars Arena
2024020989,2025-03-06,TBL,BUF,6,5,11,FALSE,Amalie Arena
2024020990,2025-03-06,FLA,CBJ,3,0,3,FALSE,Amerant Bank Arena
2024020991,2025-03-06,PHI,WPG,1,4,5,FALSE,Wells Fargo Center
2024020992,2025-03-06,CAR,BOS,3,2,5,FALSE,Lenovo Center
2024020993,2025-03-06,NSH,SEA,5,3,8,FALSE,Bridgestone Arena
2024020994,2025-03-06,DAL,CGY,3,2,5,TRUE,American Airlines Center
2024020995,2025-03-06,EDM,MTL,3,2,5,TRUE,Rogers Place
2024020996,2025-03-06,COL,SJS,7,3,10,FALSE,Ball Arena
2024020997,2025-03-07,NJD,WPG,1,6,7,FALSE,Prudential Center
2024020998,2025-03-07,WSH,DET,5,2,7,FALSE,Capital One Arena
2024020999,2025-03-07,CHI,UTA,4,3,7,TRUE,United Center
2024021000,2025-03-07,VAN,MIN,3,1,4,FALSE,Rogers Arena
2024021001,2025-03-07,VGK,PIT,4,0,4,FALSE,T-Mobile Arena
2024021002,2025-03-07,ANA,STL,3,4,7,FALSE,Honda Center
2024021003,2025-03-08,OTT,NYR,4,3,7,TRUE,Canadian Tire Centre
2024021004,2025-03-08,PHI,SEA,1,4,5,FALSE,Wells Fargo Center
2024021005,2025-03-08,TBL,BOS,0,4,4,FALSE,Amalie Arena
2024021006,2025-03-08,FLA,BUF,4,0,4,FALSE,Amerant Bank Arena
2024021007,2025-03-08,COL,TOR,7,4,11,FALSE,Ball Arena
2024021008,2025-03-08,CGY,MTL,1,0,1,FALSE,Scotiabank Saddledome
2024021009,2025-03-08,NSH,CHI,3,2,5,TRUE,Bridgestone Arena
2024021010,2025-03-08,LAK,STL,2,1,3,TRUE,Crypto.com Arena
2024021011,2025-03-08,EDM,DAL,5,4,9,FALSE,Rogers Place
2024021012,2025-03-08,SJS,NYI,2,4,6,FALSE,SAP Center at San Jose
2024021013,2025-03-09,PHI,NJD,1,3,4,FALSE,Wells Fargo Center
2024021014,2025-03-09,WSH,SEA,4,2,6,FALSE,Capital One Arena
2024021015,2025-03-09,MIN,PIT,1,3,4,FALSE,Xcel Energy Center
2024021016,2025-03-09,CAR,WPG,4,2,6,FALSE,Lenovo Center
2024021017,2025-03-09,NYR,CBJ,3,7,10,FALSE,Madison Square Garden
2024021018,2025-03-09,VGK,LAK,5,6,11,FALSE,T-Mobile Arena
2024021019,2025-03-09,VAN,DAL,1,4,5,FALSE,Rogers Arena
2024021020,2025-03-09,ANA,NYI,4,1,5,FALSE,Honda Center
2024021021,2025-03-10,BUF,EDM,3,2,5,FALSE,KeyBank Center
2024021022,2025-03-10,OTT,DET,2,1,3,FALSE,Canadian Tire Centre
2024021023,2025-03-10,COL,CHI,3,0,3,FALSE,Ball Arena
2024021024,2025-03-10,UTA,TOR,3,4,7,TRUE,Delta Center
2024021025,2025-03-11,BOS,FLA,3,2,5,FALSE,TD Garden
2024021026,2025-03-11,NJD,CBJ,5,3,8,FALSE,Prudential Center
2024021027,2025-03-11,PHI,OTT,2,5,7,FALSE,Wells Fargo Center
2024021028,2025-03-11,PIT,VGK,3,2,5,TRUE,PPG Paints Arena
2024021029,2025-03-11,CAR,TBL,4,1,5,FALSE,Lenovo Center
2024021030,2025-03-11,MIN,COL,2,1,3,TRUE,Xcel Energy Center
2024021031,2025-03-11,WPG,NYR,2,1,3,FALSE,Canada Life Centre
2024021032,2025-03-11,VAN,MTL,2,4,6,FALSE,Rogers Arena
2024021033,2025-03-11,ANA,WSH,4,7,11,FALSE,Honda Center
2024021034,2025-03-11,LAK,NYI,4,1,5,FALSE,Crypto.com Arena
2024021035,2025-03-11,SJS,NSH,2,3,5,FALSE,SAP Center at San Jose
2024021036,2025-03-12,DET,BUF,7,3,10,FALSE,Little Caesars Arena
2024021037,2025-03-12,CGY,VAN,3,4,7,TRUE,Scotiabank Saddledome
2024021038,2025-03-12,UTA,ANA,3,2,5,FALSE,Delta Center
2024021039,2025-03-12,SEA,MTL,5,4,9,TRUE,Climate Pledge Arena
2024021040,2025-03-13,TOR,FLA,2,3,5,FALSE,Scotiabank Arena
2024021041,2025-03-13,OTT,BOS,6,3,9,FALSE,Canadian Tire Centre
2024021043,2025-03-13,PHI,TBL,4,3,7,TRUE,Wells Fargo Center
2024021044,2025-03-13,PIT,STL,5,3,8,FALSE,PPG Paints Arena
2024021045,2025-03-13,CBJ,VGK,0,4,4,FALSE,Nationwide Arena
2024021042,2025-03-13,NJD,EDM,3,2,5,FALSE,Prudential Center
2024021046,2025-03-13,MIN,NYR,2,3,5,TRUE,Xcel Energy Center
2024021047,2025-03-13,LAK,WSH,3,0,3,FALSE,Crypto.com Arena
2024021048,2025-03-13,SJS,CHI,4,2,6,FALSE,SAP Center at San Jose
2024021049,2025-03-14,CAR,DET,4,2,6,FALSE,Lenovo Center
2024021050,2025-03-14,NYI,EDM,1,2,3,TRUE,UBS Arena
2024021051,2025-03-14,WPG,DAL,4,1,5,FALSE,Canada Life Centre
2024021052,2025-03-14,CGY,COL,2,4,6,FALSE,Scotiabank Saddledome
2024021053,2025-03-14,ANA,NSH,2,1,3,FALSE,Honda Center
2024021054,2025-03-14,SEA,UTA,4,2,6,FALSE,Climate Pledge Arena
2024021055,2025-03-15,BUF,VGK,4,3,7,TRUE,KeyBank Center
2024021056,2025-03-15,PIT,NJD,7,3,10,FALSE,PPG Paints Arena
2024021057,2025-03-15,SJS,WSH,1,5,6,FALSE,SAP Center at San Jose
2024021058,2025-03-15,BOS,TBL,2,6,8,FALSE,TD Garden
2024021059,2025-03-15,TOR,OTT,2,4,6,FALSE,Scotiabank Arena
2024021060,2025-03-15,MTL,FLA,3,1,4,FALSE,Centre Bell
2024021061,2025-03-15,PHI,CAR,0,5,5,FALSE,Wells Fargo Center
2024021062,2025-03-15,CBJ,NYR,0,4,4,FALSE,Nationwide Arena
2024021063,2025-03-15,MIN,STL,1,5,6,FALSE,Xcel Energy Center
2024021064,2025-03-15,LAK,NSH,1,0,1,TRUE,Crypto.com Arena
2024021065,2025-03-15,VAN,CHI,6,2,8,FALSE,Rogers Arena
2024021066,2025-03-16,DET,VGK,3,0,3,FALSE,Little Caesars Arena
2024021067,2025-03-16,COL,DAL,4,3,7,TRUE,Ball Arena
2024021069,2025-03-16,NYR,EDM,1,3,4,FALSE,Madison Square Garden
2024021070,2025-03-16,NYI,FLA,4,2,6,FALSE,UBS Arena
2024021068,2025-03-16,STL,ANA,7,2,9,FALSE,Enterprise Center
2024021071,2025-03-16,VAN,UTA,1,3,4,FALSE,Rogers Arena
2024021072,2025-03-16,SEA,WPG,2,3,5,TRUE,Climate Pledge Arena
2024021073,2025-03-17,BOS,BUF,2,3,5,TRUE,TD Garden
2024021074,2025-03-17,TBL,PHI,2,0,2,FALSE,Amalie Arena
2024021075,2025-03-17,CBJ,NJD,1,2,3,FALSE,Nationwide Arena
2024021076,2025-03-17,TOR,CGY,6,2,8,FALSE,Scotiabank Arena
2024021077,2025-03-17,MIN,LAK,3,1,4,FALSE,Xcel Energy Center
2024021078,2025-03-18,MTL,OTT,6,3,9,FALSE,Centre Bell
2024021079,2025-03-18,NYR,CGY,1,2,3,FALSE,Madison Square Garden
2024021080,2025-03-18,PIT,NYI,2,4,6,FALSE,PPG Paints Arena
2024021081,2025-03-18,WSH,DET,4,1,5,FALSE,Capital One Arena
2024021082,2025-03-18,NSH,STL,1,4,5,FALSE,Bridgestone Arena
2024021083,2025-03-18,DAL,ANA,4,3,7,TRUE,American Airlines Center
2024021084,2025-03-18,CHI,SEA,2,6,8,FALSE,United Center
2024021085,2025-03-18,EDM,UTA,7,1,8,FALSE,Rogers Place
2024021086,2025-03-18,VAN,WPG,6,2,8,FALSE,Rogers Arena
2024021087,2025-03-19,TOR,COL,2,1,3,FALSE,Scotiabank Arena
2024021088,2025-03-19,MIN,SEA,4,0,4,FALSE,Xcel Energy Center
2024021089,2025-03-20,OTT,COL,1,5,6,FALSE,Canadian Tire Centre
2024021090,2025-03-20,NJD,CGY,3,5,8,FALSE,Prudential Center
2024021091,2025-03-20,NYR,TOR,3,4,7,FALSE,Madison Square Garden
2024021092,2025-03-20,WSH,PHI,3,2,5,FALSE,Capital One Arena
2024021093,2025-03-20,CBJ,FLA,0,1,1,TRUE,Nationwide Arena
2024021094,2025-03-20,NYI,MTL,4,3,7,TRUE,UBS Arena
2024021095,2025-03-20,STL,VAN,4,3,7,TRUE,Enterprise Center
2024021096,2025-03-20,NSH,ANA,1,4,5,FALSE,Bridgestone Arena
2024021097,2025-03-20,DAL,TBL,2,3,5,TRUE,American Airlines Center
2024021098,2025-03-20,CHI,LAK,1,3,4,FALSE,United Center
2024021099,2025-03-20,EDM,WPG,3,4,7,TRUE,Rogers Place
2024021100,2025-03-20,UTA,BUF,5,2,7,FALSE,Delta Center
2024021101,2025-03-20,VGK,BOS,5,1,6,FALSE,T-Mobile Arena
2024021102,2025-03-20,SJS,CAR,1,3,4,FALSE,SAP Center at San Jose
2024021103,2025-03-21,PIT,CBJ,6,3,9,FALSE,PPG Paints Arena
2024021104,2025-03-22,NYR,VAN,5,3,8,FALSE,Madison Square Garden
2024021105,2025-03-22,DAL,PHI,3,2,5,TRUE,American Airlines Center
2024021106,2025-03-22,MIN,BUF,4,1,5,FALSE,Xcel Energy Center
2024021107,2025-03-22,STL,CHI,4,1,5,FALSE,Enterprise Center
2024021108,2025-03-22,NYI,CGY,3,4,7,TRUE,UBS Arena
2024021109,2025-03-22,LAK,CAR,7,2,9,FALSE,Crypto.com Arena
2024021110,2025-03-22,WSH,FLA,6,3,9,FALSE,Capital One Arena
2024021111,2025-03-22,UTA,TBL,6,4,10,FALSE,Delta Center
2024021112,2025-03-22,MTL,COL,4,5,9,TRUE,Centre Bell
2024021113,2025-03-22,NJD,OTT,2,3,5,FALSE,Prudential Center
2024021114,2025-03-22,NSH,TOR,5,2,7,FALSE,Bridgestone Arena
2024021115,2025-03-22,VGK,DET,6,3,9,FALSE,T-Mobile Arena
2024021116,2025-03-22,EDM,SEA,5,4,9,FALSE,Rogers Place
2024021117,2025-03-22,SJS,BOS,3,1,4,FALSE,SAP Center at San Jose
2024021118,2025-03-23,CHI,PHI,7,4,11,FALSE,United Center
2024021119,2025-03-23,WPG,BUF,3,5,8,FALSE,Canada Life Centre
2024021120,2025-03-23,FLA,PIT,4,3,7,TRUE,Amerant Bank Arena
2024021121,2025-03-23,STL,NSH,4,1,5,FALSE,Enterprise Center
2024021122,2025-03-23,VGK,TBL,4,2,6,FALSE,T-Mobile Arena
2024021123,2025-03-23,ANA,CAR,2,5,7,FALSE,Honda Center
2024021124,2025-03-23,LAK,BOS,7,2,9,FALSE,Crypto.com Arena
2024021125,2025-03-24,NJD,VAN,3,4,7,TRUE,Prudential Center
2024021126,2025-03-24,NYI,CBJ,3,4,7,TRUE,UBS Arena
2024021127,2025-03-24,DAL,MIN,3,0,3,FALSE,American Airlines Center
2024021128,2025-03-24,UTA,DET,1,5,6,FALSE,Delta Center
2024021129,2025-03-25,BUF,OTT,3,2,5,FALSE,KeyBank Center
2024021130,2025-03-25,TOR,PHI,7,2,9,FALSE,Scotiabank Arena
2024021131,2025-03-25,TBL,PIT,6,1,7,FALSE,Amalie Arena
2024021132,2025-03-25,CAR,NSH,1,3,4,FALSE,Lenovo Center
2024021133,2025-03-25,STL,MTL,6,1,7,FALSE,Enterprise Center
2024021134,2025-03-25,MIN,VGK,1,5,6,FALSE,Xcel Energy Center
2024021135,2025-03-25,WPG,WSH,3,2,5,TRUE,Canada Life Centre
2024021136,2025-03-25,COL,DET,5,2,7,FALSE,Ball Arena
2024021137,2025-03-25,CGY,SEA,4,3,7,TRUE,Scotiabank Saddledome
2024021138,2025-03-25,LAK,NYR,3,1,4,FALSE,Crypto.com Arena
2024021139,2025-03-26,NYI,VAN,2,5,7,FALSE,UBS Arena
2024021140,2025-03-26,CHI,NJD,3,5,8,FALSE,United Center
2024021141,2025-03-26,EDM,DAL,3,4,7,FALSE,Rogers Place
2024021142,2025-03-26,ANA,BOS,6,2,8,FALSE,Honda Center
2024021143,2025-03-27,BUF,PIT,7,3,10,FALSE,KeyBank Center
2024021144,2025-03-27,DET,OTT,3,4,7,FALSE,Little Caesars Arena
2024021145,2025-03-27,TBL,UTA,8,0,8,FALSE,Amalie Arena
2024021146,2025-03-27,PHI,MTL,6,4,10,FALSE,Wells Fargo Center
2024021148,2025-03-27,MIN,WSH,4,2,6,FALSE,Xcel Energy Center
2024021147,2025-03-27,NSH,STL,2,3,5,FALSE,Bridgestone Arena
2024021150,2025-03-27,CGY,DAL,2,5,7,FALSE,Scotiabank Saddledome
2024021149,2025-03-27,COL,LAK,4,0,4,FALSE,Ball Arena
2024021151,2025-03-27,SEA,EDM,6,1,7,FALSE,Climate Pledge Arena
2024021152,2025-03-27,SJS,TOR,6,5,11,TRUE,SAP Center at San Jose
2024021153,2025-03-28,FLA,UTA,2,1,3,TRUE,Amerant Bank Arena
2024021154,2025-03-28,CAR,MTL,4,1,5,FALSE,Lenovo Center
2024021155,2025-03-28,CBJ,VAN,7,6,13,TRUE,Nationwide Arena
2024021156,2025-03-28,WPG,NJD,4,0,4,FALSE,Canada Life Centre
2024021157,2025-03-28,CHI,VGK,3,5,8,FALSE,United Center
2024021158,2025-03-28,ANA,NYR,5,4,9,TRUE,Honda Center
2024021159,2025-03-29,PHI,BUF,7,4,11,FALSE,Wells Fargo Center
2024021160,2025-03-29,TBL,NYI,5,3,8,FALSE,Amalie Arena
2024021161,2025-03-29,COL,STL,1,2,3,FALSE,Ball Arena
2024021162,2025-03-29,MIN,NJD,2,5,7,FALSE,Xcel Energy Center
2024021163,2025-03-29,NSH,VGK,1,3,4,FALSE,Bridgestone Arena
2024021164,2025-03-29,OTT,CBJ,3,2,5,FALSE,Canadian Tire Centre
2024021165,2025-03-29,LAK,TOR,1,3,4,FALSE,Crypto.com Arena
2024021166,2025-03-29,DET,BOS,2,1,3,FALSE,Little Caesars Arena
2024021167,2025-03-29,EDM,CGY,3,2,5,TRUE,Rogers Place
2024021168,2025-03-29,SJS,NYR,1,6,7,FALSE,SAP Center at San Jose
2024021169,2025-03-29,SEA,DAL,1,5,6,FALSE,Climate Pledge Arena
2024021170,2025-03-30,FLA,MTL,2,4,6,FALSE,Amerant Bank Arena
2024021171,2025-03-30,WSH,BUF,5,8,13,FALSE,Capital One Arena
2024021172,2025-03-30,WPG,VAN,3,1,4,FALSE,Canada Life Centre
2024021173,2025-03-30,CHI,UTA,2,5,7,FALSE,United Center
2024021174,2025-03-30,PIT,OTT,1,0,1,TRUE,PPG Paints Arena
2024021175,2025-03-30,CAR,NYI,6,4,10,FALSE,Lenovo Center
2024021176,2025-03-30,ANA,TOR,2,3,5,FALSE,Honda Center
2024021177,2025-03-30,LAK,SJS,8,1,9,FALSE,Crypto.com Arena
2024021178,2025-03-31,NJD,MIN,3,2,5,TRUE,Prudential Center
2024021179,2025-03-31,PHI,NSH,2,1,3,FALSE,Wells Fargo Center
2024021180,2025-03-31,COL,CGY,2,3,5,TRUE,Ball Arena
2024021181,2025-03-31,SEA,DAL,1,3,4,FALSE,Climate Pledge Arena
2024021182,2025-04-01,BOS,WSH,3,4,7,FALSE,TD Garden
2024021183,2025-04-01,MTL,FLA,3,2,5,TRUE,Centre Bell
2024021184,2025-04-01,OTT,BUF,2,5,7,FALSE,Canadian Tire Centre
2024021185,2025-04-01,CBJ,NSH,8,4,12,FALSE,Nationwide Arena
2024021186,2025-04-01,NYI,TBL,1,4,5,FALSE,UBS Arena
2024021187,2025-04-01,STL,DET,2,1,3,TRUE,Enterprise Center
2024021188,2025-04-01,UTA,CGY,3,1,4,FALSE,Delta Center
2024021189,2025-04-01,VGK,EDM,2,3,5,FALSE,T-Mobile Arena
2024021190,2025-04-01,ANA,SJS,4,3,7,TRUE,Honda Center
2024021191,2025-04-01,LAK,WPG,4,1,5,FALSE,Crypto.com Arena
2024021192,2025-04-02,NYR,MIN,5,4,9,TRUE,Madison Square Garden
2024021193,2025-04-02,CAR,WSH,5,1,6,FALSE,Lenovo Center
2024021194,2025-04-02,TOR,FLA,3,2,5,FALSE,Scotiabank Arena
2024021195,2025-04-02,CHI,COL,2,3,5,TRUE,United Center
2024021196,2025-04-02,VAN,SEA,0,5,5,FALSE,Rogers Arena
2024021197,2025-04-03,MTL,BOS,4,1,5,FALSE,Centre Bell
2024021198,2025-04-03,OTT,TBL,2,1,3,FALSE,Canadian Tire Centre
2024021199,2025-04-03,CBJ,COL,3,7,10,FALSE,Nationwide Arena
2024021200,2025-04-03,STL,PIT,5,4,9,TRUE,Enterprise Center
2024021201,2025-04-03,DAL,NSH,5,1,6,FALSE,American Airlines Center
2024021202,2025-04-03,UTA,LAK,2,4,6,FALSE,Delta Center
2024021203,2025-04-03,CGY,ANA,4,1,5,FALSE,Scotiabank Saddledome
2024021204,2025-04-03,VGK,WPG,0,4,4,FALSE,T-Mobile Arena
2024021205,2025-04-03,SJS,EDM,2,3,5,FALSE,SAP Center at San Jose
2024021206,2025-04-04,DET,CAR,5,3,8,FALSE,Little Caesars Arena
2024021207,2025-04-04,WSH,CHI,5,3,8,FALSE,Capital One Arena
2024021208,2025-04-04,NYI,MIN,3,1,4,FALSE,UBS Arena
